SET FOREIGN_KEY_CHECKS=0;
START TRANSACTION;

-- table tipo_documento_identidad:
DROP TABLE IF EXISTS `tipo_documento_identidad`;
CREATE TABLE `tipo_documento_identidad`(
	`id`			INT(11) NOT NULL AUTO_INCREMENT,
	`codigo`		VARCHAR(50) NOT NULL UNIQUE,
	`descripcion`		VARCHAR(50) DEFAULT NULL,
	primary key(`id`)
) ENGINE=InnoDB DEFAULT CHARSET=utf8 COLLATE=UTF8_UNICODE_CI COMMENT='Esta tabla para tipo de documento de identidad';
INSERT INTO `tipo_documento_identidad` VALUES (1,'Pasaporte','Pasaporte'),(2,'L.E.','L.E.'),(3,'L.C.','L.C.'),(4,'D.N.I','D.N.I');

-- table tipo_numero_telefonico
DROP TABLE IF EXISTS `tipo_numero_telefonico`;
CREATE TABLE `tipo_numero_telefonico`(
	`id` 				INT(11) NOT NULL AUTO_INCREMENT,
	`nombre` 			VARCHAR(50) NOT NULL UNIQUE,
	`tiene_extension`	BOOLEAN	NOT NULL DEFAULT FALSE,
	primary key(`id`)
) ENGINE=InnoDB DEFAULT CHARSET=utf8 COLLATE=UTF8_UNICODE_CI COMMENT='Esta tabla para tipo de numero telefono';
INSERT INTO `tipo_numero_telefonico` VALUES (1,'Teléfono de habitación',1),(2,'Teléfono de oficina',1),(3,'Teléfono celular',0),(4,'Teléfono celular con whatsapp',0),(5,'Telefax de habitación',1),(6,'Telefax de oficina',1);

-- table tipo_nivel_instruccion
DROP TABLE IF EXISTS `tipo_nivel_instruccion`;
CREATE TABLE `tipo_nivel_instruccion`(
	`id` 		INT(11) NOT NULL AUTO_INCREMENT,
	`nombre` 	VARCHAR(50) NOT NULL UNIQUE,
	primary key(`id`)
) ENGINE=InnoDB DEFAULT CHARSET=utf8 COLLATE=UTF8_UNICODE_CI COMMENT='Esta tabla para tipo de nivel de instruccion';
INSERT INTO `tipo_nivel_instruccion` VALUES (1,'Ninguno'),(2,'Primario completo'),(3,'Primario en curso'),(4,'Primario incompleto'),(5,'Secundario completo'),(6,'Secundario en curso'),(7,'Secundario incompleto'),(8,'Terciario completo'),(9,'Terciario en curso'),(10,'Terciario incompleto'),(11,'Universitario completo'),(12,'Universitario en curso'),(13,'Universitario incompleto');

-- table tipo_curso_contenido
DROP TABLE IF EXISTS `tipo_curso_contenido`;
CREATE TABLE `tipo_curso_contenido`(
	`id`			INT(11) NOT NULL AUTO_INCREMENT,
	`codigo`		VARCHAR(50) NOT NULL UNIQUE,
	`icon_class`	VARCHAR(50) DEFAULT NULL,
	primary key(`id`)
) ENGINE=InnoDB DEFAULT CHARSET=utf8 COLLATE=UTF8_UNICODE_CI COMMENT='Esta tabla para tipo de contenidos para cursos';
INSERT INTO `tipo_curso_contenido` VALUES (1,'Programa de curso',NULL),(2,'Materíal para docentes',NULL),(3,'Materíal para estudiante',NULL),(4,'Examen',NULL);

-- table provincia
DROP TABLE IF EXISTS `provincia`;
CREATE TABLE `provincia` (
	`id` 	INT(11) NOT NULL AUTO_INCREMENT COMMENT 'Identificador unico',
	`nombre` VARCHAR(50) COLLATE UTF8_UNICODE_CI NOT NULL COMMENT 'Nombre de provincia',
	primary key(`id`)
) ENGINE=InnoDB DEFAULT CHARSET=utf8 COLLATE=UTF8_UNICODE_CI COMMENT='Esta tabla para Provincias';
INSERT INTO `provincia` VALUES (1,'Buenos Aires'),(2,'Buenos Aires-GBA'),(3,'Capital Federal'),(4,'Catamarca'),(5,'Chaco'),(6,'Chubut'),(7,'Córdoba'),(8,'Corrientes'),(9,'Entre Ríos'),(10,'Formosa'),(11,'Jujuy'),(12,'La Pampa'),(13,'La Rioja'),(14,'Mendoza'),(15,'Misiones'),(16,'Neuquén'),(17,'Río Negro'),(18,'Salta'),(19,'San Juan'),(20,'San Luis'),(21,'Santa Cruz'),(22,'Santa Fe'),(23,'Santiago del Estero'),(24,'Tierra del Fuego'),(25,'Tucumán');

-- table localidad
DROP TABLE IF EXISTS `localidad`;
CREATE TABLE `localidad` (
	`id` INT(11) NOT NULL AUTO_INCREMENT COMMENT 'Identificador unico - (valor secuencial)',
	`id_provincia` INT(11) NOT NULL COMMENT 'Provincia',
	`nombre` VARCHAR(50) COLLATE UTF8_UNICODE_CI NOT NULL COMMENT 'Localidad',
	`keyword` VARCHAR(255) COLLATE UTF8_UNICODE_CI DEFAULT NULL COMMENT 'Busqueda',

	primary key(`id`),
	FOREIGN KEY (`id_provincia`) REFERENCES `provincia` (`id`)
) ENGINE=InnoDB DEFAULT CHARSET=utf8 COLLATE=UTF8_UNICODE_CI COMMENT='Esta tabla para Localidades de provincias';
INSERT INTO `localidad` VALUES (1,1,'25 de Mayo','25 de Mayo Buenos Aires'),(2,1,'3 de febrero','3 de febrero Buenos Aires'),(3,1,'A. Alsina','A. Alsina Buenos Aires'),(4,1,'A. Gonzáles Cháves','A. Gonzáles Cháves Buenos Aires'),(5,1,'Aguas Verdes','Aguas Verdes Buenos Aires'),(6,1,'Alberti','Alberti Buenos Aires'),(7,1,'Arrecifes','Arrecifes Buenos Aires'),(8,1,'Ayacucho','Ayacucho Buenos Aires'),(9,1,'Azul','Azul Buenos Aires'),(10,1,'Bahía Blanca','Bahía Blanca Buenos Aires'),(11,1,'Balcarce','Balcarce Buenos Aires'),(12,1,'Baradero','Baradero Buenos Aires'),(13,1,'Benito Juárez','Benito Juárez Buenos Aires'),(14,1,'Berisso','Berisso Buenos Aires'),(15,1,'Bolívar','Bolívar Buenos Aires'),(16,1,'Bragado','Bragado Buenos Aires'),(17,1,'Brandsen','Brandsen Buenos Aires'),(18,1,'Campana','Campana Buenos Aires'),(19,1,'Cañuelas','Cañuelas Buenos Aires'),(20,1,'Capilla del Señor','Capilla del Señor Buenos Aires'),(21,1,'Capitán Sarmiento','Capitán Sarmiento Buenos Aires'),(22,1,'Carapachay','Carapachay Buenos Aires'),(23,1,'Carhue','Carhue Buenos Aires'),(24,1,'Cariló','Cariló Buenos Aires'),(25,1,'Carlos Casares','Carlos Casares Buenos Aires'),(26,1,'Carlos Tejedor','Carlos Tejedor Buenos Aires'),(27,1,'Carmen de Areco','Carmen de Areco Buenos Aires'),(28,1,'Carmen de Patagones','Carmen de Patagones Buenos Aires'),(29,1,'Castelli','Castelli Buenos Aires'),(30,1,'Chacabuco','Chacabuco Buenos Aires'),(31,1,'Chascomús','Chascomús Buenos Aires'),(32,1,'Chivilcoy','Chivilcoy Buenos Aires'),(33,1,'Colón','Colón Buenos Aires'),(34,1,'Coronel Dorrego','Coronel Dorrego Buenos Aires'),(35,1,'Coronel Pringles','Coronel Pringles Buenos Aires'),(36,1,'Coronel Rosales','Coronel Rosales Buenos Aires'),(37,1,'Coronel Suarez','Coronel Suarez Buenos Aires'),(38,1,'Costa Azul','Costa Azul Buenos Aires'),(39,1,'Costa Chica','Costa Chica Buenos Aires'),(40,1,'Costa del Este','Costa del Este Buenos Aires'),(41,1,'Costa Esmeralda','Costa Esmeralda Buenos Aires'),(42,1,'Daireaux','Daireaux Buenos Aires'),(43,1,'Darregueira','Darregueira Buenos Aires'),(44,1,'Del Viso','Del Viso Buenos Aires'),(45,1,'Dolores','Dolores Buenos Aires'),(46,1,'Don Torcuato','Don Torcuato Buenos Aires'),(47,1,'Ensenada','Ensenada Buenos Aires'),(48,1,'Escobar','Escobar Buenos Aires'),(49,1,'Exaltación de la Cruz','Exaltación de la Cruz Buenos Aires'),(50,1,'Florentino Ameghino','Florentino Ameghino Buenos Aires'),(51,1,'Garín','Garín Buenos Aires'),(52,1,'Gral. Alvarado','Gral. Alvarado Buenos Aires'),(53,1,'Gral. Alvear','Gral. Alvear Buenos Aires'),(54,1,'Gral. Arenales','Gral. Arenales Buenos Aires'),(55,1,'Gral. Belgrano','Gral. Belgrano Buenos Aires'),(56,1,'Gral. Guido','Gral. Guido Buenos Aires'),(57,1,'Gral. Lamadrid','Gral. Lamadrid Buenos Aires'),(58,1,'Gral. Las Heras','Gral. Las Heras Buenos Aires'),(59,1,'Gral. Lavalle','Gral. Lavalle Buenos Aires'),(60,1,'Gral. Madariaga','Gral. Madariaga Buenos Aires'),(61,1,'Gral. Pacheco','Gral. Pacheco Buenos Aires'),(62,1,'Gral. Paz','Gral. Paz Buenos Aires'),(63,1,'Gral. Pinto','Gral. Pinto Buenos Aires'),(64,1,'Gral. Pueyrredón','Gral. Pueyrredón Buenos Aires'),(65,1,'Gral. Rodríguez','Gral. Rodríguez Buenos Aires'),(66,1,'Gral. Viamonte','Gral. Viamonte Buenos Aires'),(67,1,'Gral. Villegas','Gral. Villegas Buenos Aires'),(68,1,'Guaminí','Guaminí Buenos Aires'),(69,1,'Guernica','Guernica Buenos Aires'),(70,1,'Hipólito Yrigoyen','Hipólito Yrigoyen Buenos Aires'),(71,1,'Ing. Maschwitz','Ing. Maschwitz Buenos Aires'),(72,1,'Junín','Junín Buenos Aires'),(73,1,'La Plata','La Plata Buenos Aires'),(74,1,'Laprida','Laprida Buenos Aires'),(75,1,'Las Flores','Las Flores Buenos Aires'),(76,1,'Las Toninas','Las Toninas Buenos Aires'),(77,1,'Leandro N. Alem','Leandro N. Alem Buenos Aires'),(78,1,'Lincoln','Lincoln Buenos Aires'),(79,1,'Loberia','Loberia Buenos Aires'),(80,1,'Lobos','Lobos Buenos Aires'),(81,1,'Los Cardales','Los Cardales Buenos Aires'),(82,1,'Los Toldos','Los Toldos Buenos Aires'),(83,1,'Lucila del Mar','Lucila del Mar Buenos Aires'),(84,1,'Luján','Luján Buenos Aires'),(85,1,'Magdalena','Magdalena Buenos Aires'),(86,1,'Maipú','Maipú Buenos Aires'),(87,1,'Mar Chiquita','Mar Chiquita Buenos Aires'),(88,1,'Mar de Ajó','Mar de Ajó Buenos Aires'),(89,1,'Mar de las Pampas','Mar de las Pampas Buenos Aires'),(90,1,'Mar del Plata','Mar del Plata Buenos Aires'),(91,1,'Mar del Tuyú','Mar del Tuyú Buenos Aires'),(92,1,'Marcos Paz','Marcos Paz Buenos Aires'),(93,1,'Mercedes','Mercedes Buenos Aires'),(94,1,'Miramar','Miramar Buenos Aires'),(95,1,'Monte','Monte Buenos Aires'),(96,1,'Monte Hermoso','Monte Hermoso Buenos Aires'),(97,1,'Munro','Munro Buenos Aires'),(98,1,'Navarro','Navarro Buenos Aires'),(99,1,'Necochea','Necochea Buenos Aires'),(100,1,'Olavarría','Olavarría Buenos Aires'),(101,1,'Partido de la Costa','Partido de la Costa Buenos Aires'),(102,1,'Pehuajó','Pehuajó Buenos Aires'),(103,1,'Pellegrini','Pellegrini Buenos Aires'),(104,1,'Pergamino','Pergamino Buenos Aires'),(105,1,'Pigüé','Pigüé Buenos Aires'),(106,1,'Pila','Pila Buenos Aires'),(107,1,'Pilar','Pilar Buenos Aires'),(108,1,'Pinamar','Pinamar Buenos Aires'),(109,1,'Pinar del Sol','Pinar del Sol Buenos Aires'),(110,1,'Polvorines','Polvorines Buenos Aires'),(111,1,'Pte. Perón','Pte. Perón Buenos Aires'),(112,1,'Puán','Puán Buenos Aires'),(113,1,'Punta Indio','Punta Indio Buenos Aires'),(114,1,'Ramallo','Ramallo Buenos Aires'),(115,1,'Rauch','Rauch Buenos Aires'),(116,1,'Rivadavia','Rivadavia Buenos Aires'),(117,1,'Rojas','Rojas Buenos Aires'),(118,1,'Roque Pérez','Roque Pérez Buenos Aires'),(119,1,'Saavedra','Saavedra Buenos Aires'),(120,1,'Saladillo','Saladillo Buenos Aires'),(121,1,'Salliqueló','Salliqueló Buenos Aires'),(122,1,'Salto','Salto Buenos Aires'),(123,1,'San Andrés de Giles','San Andrés de Giles Buenos Aires'),(124,1,'San Antonio de Areco','San Antonio de Areco Buenos Aires'),(125,1,'San Antonio de Padua','San Antonio de Padua Buenos Aires'),(126,1,'San Bernardo','San Bernardo Buenos Aires'),(127,1,'San Cayetano','San Cayetano Buenos Aires'),(128,1,'San Clemente del Tuyú','San Clemente del Tuyú Buenos Aires'),(129,1,'San Nicolás','San Nicolás Buenos Aires'),(130,1,'San Pedro','San Pedro Buenos Aires'),(131,1,'San Vicente','San Vicente Buenos Aires'),(132,1,'Santa Teresita','Santa Teresita Buenos Aires'),(133,1,'Suipacha','Suipacha Buenos Aires'),(134,1,'Tandil','Tandil Buenos Aires'),(135,1,'Tapalqué','Tapalqué Buenos Aires'),(136,1,'Tordillo','Tordillo Buenos Aires'),(137,1,'Tornquist','Tornquist Buenos Aires'),(138,1,'Trenque Lauquen','Trenque Lauquen Buenos Aires'),(139,1,'Tres Lomas','Tres Lomas Buenos Aires'),(140,1,'Villa Gesell','Villa Gesell Buenos Aires'),(141,1,'Villarino','Villarino Buenos Aires'),(142,1,'Zárate','Zárate Buenos Aires'),(143,2,'11 de Septiembre','11 de Septiembre Buenos Aires-GBA'),(144,2,'20 de Junio','20 de Junio Buenos Aires-GBA'),(145,2,'25 de Mayo','25 de Mayo Buenos Aires-GBA'),(146,2,'Acassuso','Acassuso Buenos Aires-GBA'),(147,2,'Adrogué','Adrogué Buenos Aires-GBA'),(148,2,'Aldo Bonzi','Aldo Bonzi Buenos Aires-GBA'),(149,2,'Área Reserva Cinturón Ecológico','Área Reserva Cinturón Ecológico Buenos Aires-GBA'),(150,2,'Avellaneda','Avellaneda Buenos Aires-GBA'),(151,2,'Banfield','Banfield Buenos Aires-GBA'),(152,2,'Barrio Parque','Barrio Parque Buenos Aires-GBA'),(153,2,'Barrio Santa Teresita','Barrio Santa Teresita Buenos Aires-GBA'),(154,2,'Beccar','Beccar Buenos Aires-GBA'),(155,2,'Bella Vista','Bella Vista Buenos Aires-GBA'),(156,2,'Berazategui','Berazategui Buenos Aires-GBA'),(157,2,'Bernal Este','Bernal Este Buenos Aires-GBA'),(158,2,'Bernal Oeste','Bernal Oeste Buenos Aires-GBA'),(159,2,'Billinghurst','Billinghurst Buenos Aires-GBA'),(160,2,'Boulogne','Boulogne Buenos Aires-GBA'),(161,2,'Burzaco','Burzaco Buenos Aires-GBA'),(162,2,'Carapachay','Carapachay Buenos Aires-GBA'),(163,2,'Caseros','Caseros Buenos Aires-GBA'),(164,2,'Castelar','Castelar Buenos Aires-GBA'),(165,2,'Churruca','Churruca Buenos Aires-GBA'),(166,2,'Ciudad Evita','Ciudad Evita Buenos Aires-GBA'),(167,2,'Ciudad Madero','Ciudad Madero Buenos Aires-GBA'),(168,2,'Ciudadela','Ciudadela Buenos Aires-GBA'),(169,2,'Claypole','Claypole Buenos Aires-GBA'),(170,2,'Crucecita','Crucecita Buenos Aires-GBA'),(171,2,'Dock Sud','Dock Sud Buenos Aires-GBA'),(172,2,'Don Bosco','Don Bosco Buenos Aires-GBA'),(173,2,'Don Orione','Don Orione Buenos Aires-GBA'),(174,2,'El Jagüel','El Jagüel Buenos Aires-GBA'),(175,2,'El Libertador','El Libertador Buenos Aires-GBA'),(176,2,'El Palomar','El Palomar Buenos Aires-GBA'),(177,2,'El Tala','El Tala Buenos Aires-GBA'),(178,2,'El Trébol','El Trébol Buenos Aires-GBA'),(179,2,'Ezeiza','Ezeiza Buenos Aires-GBA'),(180,2,'Ezpeleta','Ezpeleta Buenos Aires-GBA'),(181,2,'Florencio Varela','Florencio Varela Buenos Aires-GBA'),(182,2,'Florida','Florida Buenos Aires-GBA'),(183,2,'Francisco Álvarez','Francisco Álvarez Buenos Aires-GBA'),(184,2,'Gerli','Gerli Buenos Aires-GBA'),(185,2,'Glew','Glew Buenos Aires-GBA'),(186,2,'González Catán','González Catán Buenos Aires-GBA'),(187,2,'Gral. Lamadrid','Gral. Lamadrid Buenos Aires-GBA'),(188,2,'Grand Bourg','Grand Bourg Buenos Aires-GBA'),(189,2,'Gregorio de Laferrere','Gregorio de Laferrere Buenos Aires-GBA'),(190,2,'Guillermo Enrique Hudson','Guillermo Enrique Hudson Buenos Aires-GBA'),(191,2,'Haedo','Haedo Buenos Aires-GBA'),(192,2,'Hurlingham','Hurlingham Buenos Aires-GBA'),(193,2,'Ing. Sourdeaux','Ing. Sourdeaux Buenos Aires-GBA'),(194,2,'Isidro Casanova','Isidro Casanova Buenos Aires-GBA'),(195,2,'Ituzaingó','Ituzaingó Buenos Aires-GBA'),(196,2,'José C. Paz','José C. Paz Buenos Aires-GBA'),(197,2,'José Ingenieros','José Ingenieros Buenos Aires-GBA'),(198,2,'José Marmol','José Marmol Buenos Aires-GBA'),(199,2,'La Lucila','La Lucila Buenos Aires-GBA'),(200,2,'La Reja','La Reja Buenos Aires-GBA'),(201,2,'La Tablada','La Tablada Buenos Aires-GBA'),(202,2,'Lanús','Lanús Buenos Aires-GBA'),(203,2,'Llavallol','Llavallol Buenos Aires-GBA'),(204,2,'Loma Hermosa','Loma Hermosa Buenos Aires-GBA'),(205,2,'Lomas de Zamora','Lomas de Zamora Buenos Aires-GBA'),(206,2,'Lomas del Millón','Lomas del Millón Buenos Aires-GBA'),(207,2,'Lomas del Mirador','Lomas del Mirador Buenos Aires-GBA'),(208,2,'Longchamps','Longchamps Buenos Aires-GBA'),(209,2,'Los Polvorines','Los Polvorines Buenos Aires-GBA'),(210,2,'Luis Guillón','Luis Guillón Buenos Aires-GBA'),(211,2,'Malvinas Argentinas','Malvinas Argentinas Buenos Aires-GBA'),(212,2,'Martín Coronado','Martín Coronado Buenos Aires-GBA'),(213,2,'Martínez','Martínez Buenos Aires-GBA'),(214,2,'Merlo','Merlo Buenos Aires-GBA'),(215,2,'Ministro Rivadavia','Ministro Rivadavia Buenos Aires-GBA'),(216,2,'Monte Chingolo','Monte Chingolo Buenos Aires-GBA'),(217,2,'Monte Grande','Monte Grande Buenos Aires-GBA'),(218,2,'Moreno','Moreno Buenos Aires-GBA'),(219,2,'Morón','Morón Buenos Aires-GBA'),(220,2,'Muñiz','Muñiz Buenos Aires-GBA'),(221,2,'Olivos','Olivos Buenos Aires-GBA'),(222,2,'Pablo Nogués','Pablo Nogués Buenos Aires-GBA'),(223,2,'Pablo Podestá','Pablo Podestá Buenos Aires-GBA'),(224,2,'Paso del Rey','Paso del Rey Buenos Aires-GBA'),(225,2,'Pereyra','Pereyra Buenos Aires-GBA'),(226,2,'Piñeiro','Piñeiro Buenos Aires-GBA'),(227,2,'Plátanos','Plátanos Buenos Aires-GBA'),(228,2,'Pontevedra','Pontevedra Buenos Aires-GBA'),(229,2,'Quilmes','Quilmes Buenos Aires-GBA'),(230,2,'Rafael Calzada','Rafael Calzada Buenos Aires-GBA'),(231,2,'Rafael Castillo','Rafael Castillo Buenos Aires-GBA'),(232,2,'Ramos Mejía','Ramos Mejía Buenos Aires-GBA'),(233,2,'Ranelagh','Ranelagh Buenos Aires-GBA'),(234,2,'Remedios de Escalada','Remedios de Escalada Buenos Aires-GBA'),(235,2,'Sáenz Peña','Sáenz Peña Buenos Aires-GBA'),(236,2,'San Antonio de Padua','San Antonio de Padua Buenos Aires-GBA'),(237,2,'San Fernando','San Fernando Buenos Aires-GBA'),(238,2,'San Francisco Solano','San Francisco Solano Buenos Aires-GBA'),(239,2,'San Isidro','San Isidro Buenos Aires-GBA'),(240,2,'San José','San José Buenos Aires-GBA'),(241,2,'San Justo','San Justo Buenos Aires-GBA'),(242,2,'San Martín','San Martín Buenos Aires-GBA'),(243,2,'San Miguel','San Miguel Buenos Aires-GBA'),(244,2,'Santos Lugares','Santos Lugares Buenos Aires-GBA'),(245,2,'Sarandí','Sarandí Buenos Aires-GBA'),(246,2,'Sourigues','Sourigues Buenos Aires-GBA'),(247,2,'Tapiales','Tapiales Buenos Aires-GBA'),(248,2,'Temperley','Temperley Buenos Aires-GBA'),(249,2,'Tigre','Tigre Buenos Aires-GBA'),(250,2,'Tortuguitas','Tortuguitas Buenos Aires-GBA'),(251,2,'Tristán Suárez','Tristán Suárez Buenos Aires-GBA'),(252,2,'Trujui','Trujui Buenos Aires-GBA'),(253,2,'Turdera','Turdera Buenos Aires-GBA'),(254,2,'Valentín Alsina','Valentín Alsina Buenos Aires-GBA'),(255,2,'Vicente López','Vicente López Buenos Aires-GBA'),(256,2,'Villa Adelina','Villa Adelina Buenos Aires-GBA'),(257,2,'Villa Ballester','Villa Ballester Buenos Aires-GBA'),(258,2,'Villa Bosch','Villa Bosch Buenos Aires-GBA'),(259,2,'Villa Caraza','Villa Caraza Buenos Aires-GBA'),(260,2,'Villa Celina','Villa Celina Buenos Aires-GBA'),(261,2,'Villa Centenario','Villa Centenario Buenos Aires-GBA'),(262,2,'Villa de Mayo','Villa de Mayo Buenos Aires-GBA'),(263,2,'Villa Diamante','Villa Diamante Buenos Aires-GBA'),(264,2,'Villa Domínico','Villa Domínico Buenos Aires-GBA'),(265,2,'Villa España','Villa España Buenos Aires-GBA'),(266,2,'Villa Fiorito','Villa Fiorito Buenos Aires-GBA'),(267,2,'Villa Guillermina','Villa Guillermina Buenos Aires-GBA'),(268,2,'Villa Insuperable','Villa Insuperable Buenos Aires-GBA'),(269,2,'Villa José León Suárez','Villa José León Suárez Buenos Aires-GBA'),(270,2,'Villa La Florida','Villa La Florida Buenos Aires-GBA'),(271,2,'Villa Luzuriaga','Villa Luzuriaga Buenos Aires-GBA'),(272,2,'Villa Martelli','Villa Martelli Buenos Aires-GBA'),(273,2,'Villa Obrera','Villa Obrera Buenos Aires-GBA'),(274,2,'Villa Progreso','Villa Progreso Buenos Aires-GBA'),(275,2,'Villa Raffo','Villa Raffo Buenos Aires-GBA'),(276,2,'Villa Sarmiento','Villa Sarmiento Buenos Aires-GBA'),(277,2,'Villa Tesei','Villa Tesei Buenos Aires-GBA'),(278,2,'Villa Udaondo','Villa Udaondo Buenos Aires-GBA'),(279,2,'Virrey del Pino','Virrey del Pino Buenos Aires-GBA'),(280,2,'Wilde','Wilde Buenos Aires-GBA'),(281,2,'William Morris','William Morris Buenos Aires-GBA'),(282,3,'Agronomía','Agronomía Capital Federal'),(283,3,'Almagro','Almagro Capital Federal'),(284,3,'Balvanera','Balvanera Capital Federal'),(285,3,'Barracas','Barracas Capital Federal'),(286,3,'Belgrano','Belgrano Capital Federal'),(287,3,'Boca','Boca Capital Federal'),(288,3,'Boedo','Boedo Capital Federal'),(289,3,'Caballito','Caballito Capital Federal'),(290,3,'Chacarita','Chacarita Capital Federal'),(291,3,'Coghlan','Coghlan Capital Federal'),(292,3,'Colegiales','Colegiales Capital Federal'),(293,3,'Constitución','Constitución Capital Federal'),(294,3,'Flores','Flores Capital Federal'),(295,3,'Floresta','Floresta Capital Federal'),(296,3,'La Paternal','La Paternal Capital Federal'),(297,3,'Liniers','Liniers Capital Federal'),(298,3,'Mataderos','Mataderos Capital Federal'),(299,3,'Monserrat','Monserrat Capital Federal'),(300,3,'Monte Castro','Monte Castro Capital Federal'),(301,3,'Nueva Pompeya','Nueva Pompeya Capital Federal'),(302,3,'Núñez','Núñez Capital Federal'),(303,3,'Palermo','Palermo Capital Federal'),(304,3,'Parque Avellaneda','Parque Avellaneda Capital Federal'),(305,3,'Parque Chacabuco','Parque Chacabuco Capital Federal'),(306,3,'Parque Chas','Parque Chas Capital Federal'),(307,3,'Parque Patricios','Parque Patricios Capital Federal'),(308,3,'Puerto Madero','Puerto Madero Capital Federal'),(309,3,'Recoleta','Recoleta Capital Federal'),(310,3,'Retiro','Retiro Capital Federal'),(311,3,'Saavedra','Saavedra Capital Federal'),(312,3,'San Cristóbal','San Cristóbal Capital Federal'),(313,3,'San Nicolás','San Nicolás Capital Federal'),(314,3,'San Telmo','San Telmo Capital Federal'),(315,3,'Vélez Sársfield','Vélez Sársfield Capital Federal'),(316,3,'Versalles','Versalles Capital Federal'),(317,3,'Villa Crespo','Villa Crespo Capital Federal'),(318,3,'Villa del Parque','Villa del Parque Capital Federal'),(319,3,'Villa Devoto','Villa Devoto Capital Federal'),(320,3,'Villa Gral. Mitre','Villa Gral. Mitre Capital Federal'),(321,3,'Villa Lugano','Villa Lugano Capital Federal'),(322,3,'Villa Luro','Villa Luro Capital Federal'),(323,3,'Villa Ortúzar','Villa Ortúzar Capital Federal'),(324,3,'Villa Pueyrredón','Villa Pueyrredón Capital Federal'),(325,3,'Villa Real','Villa Real Capital Federal'),(326,3,'Villa Riachuelo','Villa Riachuelo Capital Federal'),(327,3,'Villa Santa Rita','Villa Santa Rita Capital Federal'),(328,3,'Villa Soldati','Villa Soldati Capital Federal'),(329,3,'Villa Urquiza','Villa Urquiza Capital Federal'),(330,4,'Aconquija','Aconquija Catamarca'),(331,4,'Ancasti','Ancasti Catamarca'),(332,4,'Andalgalá','Andalgalá Catamarca'),(333,4,'Antofagasta','Antofagasta Catamarca'),(334,4,'Belén','Belén Catamarca'),(335,4,'Capayán','Capayán Catamarca'),(336,4,'Capital','Capital Catamarca'),(337,4,'4','4 Catamarca'),(338,4,'Corral Quemado','Corral Quemado Catamarca'),(339,4,'El Alto','El Alto Catamarca'),(340,4,'El Rodeo','El Rodeo Catamarca'),(341,4,'F.Mamerto Esquiú','F.Mamerto Esquiú Catamarca'),(342,4,'Fiambalá','Fiambalá Catamarca'),(343,4,'Hualfín','Hualfín Catamarca'),(344,4,'Huillapima','Huillapima Catamarca'),(345,4,'Icaño','Icaño Catamarca'),(346,4,'La Puerta','La Puerta Catamarca'),(347,4,'Las Juntas','Las Juntas Catamarca'),(348,4,'Londres','Londres Catamarca'),(349,4,'Los Altos','Los Altos Catamarca'),(350,4,'Los Varela','Los Varela Catamarca'),(351,4,'Mutquín','Mutquín Catamarca'),(352,4,'Paclín','Paclín Catamarca'),(353,4,'Poman','Poman Catamarca'),(354,4,'Pozo de La Piedra','Pozo de La Piedra Catamarca'),(355,4,'Puerta de Corral','Puerta de Corral Catamarca'),(356,4,'Puerta San José','Puerta San José Catamarca'),(357,4,'Recreo','Recreo Catamarca'),(358,4,'S.F.V de 4','S.F.V de 4 Catamarca'),(359,4,'San Fernando','San Fernando Catamarca'),(360,4,'San Fernando del Valle','San Fernando del Valle Catamarca'),(361,4,'San José','San José Catamarca'),(362,4,'Santa María','Santa María Catamarca'),(363,4,'Santa Rosa','Santa Rosa Catamarca'),(364,4,'Saujil','Saujil Catamarca'),(365,4,'Tapso','Tapso Catamarca'),(366,4,'Tinogasta','Tinogasta Catamarca'),(367,4,'Valle Viejo','Valle Viejo Catamarca'),(368,4,'Villa Vil','Villa Vil Catamarca'),(369,5,'Aviá Teraí','Aviá Teraí Chaco'),(370,5,'Barranqueras','Barranqueras Chaco'),(371,5,'Basail','Basail Chaco'),(372,5,'Campo Largo','Campo Largo Chaco'),(373,5,'Capital','Capital Chaco'),(374,5,'Capitán Solari','Capitán Solari Chaco'),(375,5,'Charadai','Charadai Chaco'),(376,5,'Charata','Charata Chaco'),(377,5,'Chorotis','Chorotis Chaco'),(378,5,'Ciervo Petiso','Ciervo Petiso Chaco'),(379,5,'Cnel. Du Graty','Cnel. Du Graty Chaco'),(380,5,'Col. Benítez','Col. Benítez Chaco'),(381,5,'Col. Elisa','Col. Elisa Chaco'),(382,5,'Col. Popular','Col. Popular Chaco'),(383,5,'Colonias Unidas','Colonias Unidas Chaco'),(384,5,'Concepción','Concepción Chaco'),(385,5,'Corzuela','Corzuela Chaco'),(386,5,'Cote Lai','Cote Lai Chaco'),(387,5,'El Sauzalito','El Sauzalito Chaco'),(388,5,'Enrique Urien','Enrique Urien Chaco'),(389,5,'Fontana','Fontana Chaco'),(390,5,'Fte. Esperanza','Fte. Esperanza Chaco'),(391,5,'Gancedo','Gancedo Chaco'),(392,5,'Gral. Capdevila','Gral. Capdevila Chaco'),(393,5,'Gral. Pinero','Gral. Pinero Chaco'),(394,5,'Gral. San Martín','Gral. San Martín Chaco'),(395,5,'Gral. Vedia','Gral. Vedia Chaco'),(396,5,'Hermoso Campo','Hermoso Campo Chaco'),(397,5,'I. del Cerrito','I. del Cerrito Chaco'),(398,5,'J.J. Castelli','J.J. Castelli Chaco'),(399,5,'La Clotilde','La Clotilde Chaco'),(400,5,'La Eduvigis','La Eduvigis Chaco'),(401,5,'La Escondida','La Escondida Chaco'),(402,5,'La Leonesa','La Leonesa Chaco'),(403,5,'La Tigra','La Tigra Chaco'),(404,5,'La Verde','La Verde Chaco'),(405,5,'Laguna Blanca','Laguna Blanca Chaco'),(406,5,'Laguna Limpia','Laguna Limpia Chaco'),(407,5,'Lapachito','Lapachito Chaco'),(408,5,'Las Breñas','Las Breñas Chaco'),(409,5,'Las Garcitas','Las Garcitas Chaco'),(410,5,'Las Palmas','Las Palmas Chaco'),(411,5,'Los Frentones','Los Frentones Chaco'),(412,5,'Machagai','Machagai Chaco'),(413,5,'Makallé','Makallé Chaco'),(414,5,'Margarita Belén','Margarita Belén Chaco'),(415,5,'Miraflores','Miraflores Chaco'),(416,5,'Misión N. Pompeya','Misión N. Pompeya Chaco'),(417,5,'Napenay','Napenay Chaco'),(418,5,'Pampa Almirón','Pampa Almirón Chaco'),(419,5,'Pampa del Indio','Pampa del Indio Chaco'),(420,5,'Pampa del Infierno','Pampa del Infierno Chaco'),(421,5,'Pdcia. de La Plaza','Pdcia. de La Plaza Chaco'),(422,5,'Pdcia. Roca','Pdcia. Roca Chaco'),(423,5,'Pdcia. Roque Sáenz Peña','Pdcia. Roque Sáenz Peña Chaco'),(424,5,'Pto. Bermejo','Pto. Bermejo Chaco'),(425,5,'Pto. Eva Perón','Pto. Eva Perón Chaco'),(426,5,'Puero Tirol','Puero Tirol Chaco'),(427,5,'Puerto Vilelas','Puerto Vilelas Chaco'),(428,5,'Quitilipi','Quitilipi Chaco'),(429,5,'Resistencia','Resistencia Chaco'),(430,5,'Sáenz Peña','Sáenz Peña Chaco'),(431,5,'Samuhú','Samuhú Chaco'),(432,5,'San Bernardo','San Bernardo Chaco'),(433,5,'Santa Sylvina','Santa Sylvina Chaco'),(434,5,'Taco Pozo','Taco Pozo Chaco'),(435,5,'Tres Isletas','Tres Isletas Chaco'),(436,5,'Villa Ángela','Villa Ángela Chaco'),(437,5,'Villa Berthet','Villa Berthet Chaco'),(438,5,'Villa R. Bermejito','Villa R. Bermejito Chaco'),(439,6,'Aldea Apeleg','Aldea Apeleg Chubut'),(440,6,'Aldea Beleiro','Aldea Beleiro Chubut'),(441,6,'Aldea Epulef','Aldea Epulef Chubut'),(442,6,'Alto Río Sengerr','Alto Río Sengerr Chubut'),(443,6,'Buen Pasto','Buen Pasto Chubut'),(444,6,'Camarones','Camarones Chubut'),(445,6,'Carrenleufú','Carrenleufú Chubut'),(446,6,'Cholila','Cholila Chubut'),(447,6,'Co. Centinela','Co. Centinela Chubut'),(448,6,'Colan Conhué','Colan Conhué Chubut'),(449,6,'Comodoro Rivadavia','Comodoro Rivadavia Chubut'),(450,6,'Corcovado','Corcovado Chubut'),(451,6,'Cushamen','Cushamen Chubut'),(452,6,'Dique F. Ameghino','Dique F. Ameghino Chubut'),(453,6,'Dolavón','Dolavón Chubut'),(454,6,'Dr. R. Rojas','Dr. R. Rojas Chubut'),(455,6,'El Hoyo','El Hoyo Chubut'),(456,6,'El Maitén','El Maitén Chubut'),(457,6,'Epuyén','Epuyén Chubut'),(458,6,'Esquel','Esquel Chubut'),(459,6,'Facundo','Facundo Chubut'),(460,6,'Gaimán','Gaimán Chubut'),(461,6,'Gan Gan','Gan Gan Chubut'),(462,6,'Gastre','Gastre Chubut'),(463,6,'Gdor. Costa','Gdor. Costa Chubut'),(464,6,'Gualjaina','Gualjaina Chubut'),(465,6,'J. de San Martín','J. de San Martín Chubut'),(466,6,'Lago Blanco','Lago Blanco Chubut'),(467,6,'Lago Puelo','Lago Puelo Chubut'),(468,6,'Lagunita Salada','Lagunita Salada Chubut'),(469,6,'Las Plumas','Las Plumas Chubut'),(470,6,'Los Altares','Los Altares Chubut'),(471,6,'Paso de los Indios','Paso de los Indios Chubut'),(472,6,'Paso del Sapo','Paso del Sapo Chubut'),(473,6,'Pto. Madryn','Pto. Madryn Chubut'),(474,6,'Pto. Pirámides','Pto. Pirámides Chubut'),(475,6,'Rada Tilly','Rada Tilly Chubut'),(476,6,'Rawson','Rawson Chubut'),(477,6,'Río Mayo','Río Mayo Chubut'),(478,6,'Río Pico','Río Pico Chubut'),(479,6,'Sarmiento','Sarmiento Chubut'),(480,6,'Tecka','Tecka Chubut'),(481,6,'Telsen','Telsen Chubut'),(482,6,'Trelew','Trelew Chubut'),(483,6,'Trevelin','Trevelin Chubut'),(484,6,'Veintiocho de Julio','Veintiocho de Julio Chubut'),(485,7,'Achiras','Achiras Córdoba'),(486,7,'Adelia Maria','Adelia Maria Córdoba'),(487,7,'Agua de Oro','Agua de Oro Córdoba'),(488,7,'Alcira Gigena','Alcira Gigena Córdoba'),(489,7,'Aldea Santa Maria','Aldea Santa Maria Córdoba'),(490,7,'Alejandro Roca','Alejandro Roca Córdoba'),(491,7,'Alejo Ledesma','Alejo Ledesma Córdoba'),(492,7,'Alicia','Alicia Córdoba'),(493,7,'Almafuerte','Almafuerte Córdoba'),(494,7,'Alpa Corral','Alpa Corral Córdoba'),(495,7,'Alta Gracia','Alta Gracia Córdoba'),(496,7,'Alto Alegre','Alto Alegre Córdoba'),(497,7,'Alto de Los Quebrachos','Alto de Los Quebrachos Córdoba'),(498,7,'Altos de Chipion','Altos de Chipion Córdoba'),(499,7,'Amboy','Amboy Córdoba'),(500,7,'Ambul','Ambul Córdoba'),(501,7,'Ana Zumaran','Ana Zumaran Córdoba'),(502,7,'Anisacate','Anisacate Córdoba'),(503,7,'Arguello','Arguello Córdoba'),(504,7,'Arias','Arias Córdoba'),(505,7,'Arroyito','Arroyito Córdoba'),(506,7,'Arroyo Algodon','Arroyo Algodon Córdoba'),(507,7,'Arroyo Cabral','Arroyo Cabral Córdoba'),(508,7,'Arroyo Los Patos','Arroyo Los Patos Córdoba'),(509,7,'Assunta','Assunta Córdoba'),(510,7,'Atahona','Atahona Córdoba'),(511,7,'Ausonia','Ausonia Córdoba'),(512,7,'Avellaneda','Avellaneda Córdoba'),(513,7,'Ballesteros','Ballesteros Córdoba'),(514,7,'Ballesteros Sud','Ballesteros Sud Córdoba'),(515,7,'Balnearia','Balnearia Córdoba'),(516,7,'Bañado de Soto','Bañado de Soto Córdoba'),(517,7,'Bell Ville','Bell Ville Córdoba'),(518,7,'Bengolea','Bengolea Córdoba'),(519,7,'Benjamin Gould','Benjamin Gould Córdoba'),(520,7,'Berrotaran','Berrotaran Córdoba'),(521,7,'Bialet Masse','Bialet Masse Córdoba'),(522,7,'Bouwer','Bouwer Córdoba'),(523,7,'Brinkmann','Brinkmann Córdoba'),(524,7,'Buchardo','Buchardo Córdoba'),(525,7,'Bulnes','Bulnes Córdoba'),(526,7,'Cabalango','Cabalango Córdoba'),(527,7,'Calamuchita','Calamuchita Córdoba'),(528,7,'Calchin','Calchin Córdoba'),(529,7,'Calchin Oeste','Calchin Oeste Córdoba'),(530,7,'Calmayo','Calmayo Córdoba'),(531,7,'Camilo Aldao','Camilo Aldao Córdoba'),(532,7,'Caminiaga','Caminiaga Córdoba'),(533,7,'Cañada de Luque','Cañada de Luque Córdoba'),(534,7,'Cañada de Machado','Cañada de Machado Córdoba'),(535,7,'Cañada de Rio Pinto','Cañada de Rio Pinto Córdoba'),(536,7,'Cañada del Sauce','Cañada del Sauce Córdoba'),(537,7,'Canals','Canals Córdoba'),(538,7,'Candelaria Sud','Candelaria Sud Córdoba'),(539,7,'Capilla de Remedios','Capilla de Remedios Córdoba'),(540,7,'Capilla de Siton','Capilla de Siton Córdoba'),(541,7,'Capilla del Carmen','Capilla del Carmen Córdoba'),(542,7,'Capilla del Monte','Capilla del Monte Córdoba'),(543,7,'Capital','Capital Córdoba'),(544,7,'Capitan Gral B. O´Higgins','Capitan Gral B. O´Higgins Córdoba'),(545,7,'Carnerillo','Carnerillo Córdoba'),(546,7,'Carrilobo','Carrilobo Córdoba'),(547,7,'Casa Grande','Casa Grande Córdoba'),(548,7,'Cavanagh','Cavanagh Córdoba'),(549,7,'Cerro Colorado','Cerro Colorado Córdoba'),(550,7,'Chaján','Chaján Córdoba'),(551,7,'Chalacea','Chalacea Córdoba'),(552,7,'Chañar Viejo','Chañar Viejo Córdoba'),(553,7,'Chancaní','Chancaní Córdoba'),(554,7,'Charbonier','Charbonier Córdoba'),(555,7,'Charras','Charras Córdoba'),(556,7,'Chazón','Chazón Córdoba'),(557,7,'Chilibroste','Chilibroste Córdoba'),(558,7,'Chucul','Chucul Córdoba'),(559,7,'Chuña','Chuña Córdoba'),(560,7,'Chuña Huasi','Chuña Huasi Córdoba'),(561,7,'Churqui Cañada','Churqui Cañada Córdoba'),(562,7,'Cienaga Del Coro','Cienaga Del Coro Córdoba'),(563,7,'Cintra','Cintra Córdoba'),(564,7,'Col. Almada','Col. Almada Córdoba'),(565,7,'Col. Anita','Col. Anita Córdoba'),(566,7,'Col. Barge','Col. Barge Córdoba'),(567,7,'Col. Bismark','Col. Bismark Córdoba'),(568,7,'Col. Bremen','Col. Bremen Córdoba'),(569,7,'Col. Caroya','Col. Caroya Córdoba'),(570,7,'Col. Italiana','Col. Italiana Córdoba'),(571,7,'Col. Iturraspe','Col. Iturraspe Córdoba'),(572,7,'Col. Las Cuatro Esquinas','Col. Las Cuatro Esquinas Córdoba'),(573,7,'Col. Las Pichanas','Col. Las Pichanas Córdoba'),(574,7,'Col. Marina','Col. Marina Córdoba'),(575,7,'Col. Prosperidad','Col. Prosperidad Córdoba'),(576,7,'Col. San Bartolome','Col. San Bartolome Córdoba'),(577,7,'Col. San Pedro','Col. San Pedro Córdoba'),(578,7,'Col. Tirolesa','Col. Tirolesa Córdoba'),(579,7,'Col. Vicente Aguero','Col. Vicente Aguero Córdoba'),(580,7,'Col. Videla','Col. Videla Córdoba'),(581,7,'Col. Vignaud','Col. Vignaud Córdoba'),(582,7,'Col. Waltelina','Col. Waltelina Córdoba'),(583,7,'Colazo','Colazo Córdoba'),(584,7,'Comechingones','Comechingones Córdoba'),(585,7,'Conlara','Conlara Córdoba'),(586,7,'Copacabana','Copacabana Córdoba'),(587,7,'7','7 Córdoba'),(588,7,'Coronel Baigorria','Coronel Baigorria Córdoba'),(589,7,'Coronel Moldes','Coronel Moldes Córdoba'),(590,7,'Corral de Bustos','Corral de Bustos Córdoba'),(591,7,'Corralito','Corralito Córdoba'),(592,7,'Cosquín','Cosquín Córdoba'),(593,7,'Costa Sacate','Costa Sacate Córdoba'),(594,7,'Cruz Alta','Cruz Alta Córdoba'),(595,7,'Cruz de Caña','Cruz de Caña Córdoba'),(596,7,'Cruz del Eje','Cruz del Eje Córdoba'),(597,7,'Cuesta Blanca','Cuesta Blanca Córdoba'),(598,7,'Dean Funes','Dean Funes Córdoba'),(599,7,'Del Campillo','Del Campillo Córdoba'),(600,7,'Despeñaderos','Despeñaderos Córdoba'),(601,7,'Devoto','Devoto Córdoba'),(602,7,'Diego de Rojas','Diego de Rojas Córdoba'),(603,7,'Dique Chico','Dique Chico Córdoba'),(604,7,'El Arañado','El Arañado Córdoba'),(605,7,'El Brete','El Brete Córdoba'),(606,7,'El Chacho','El Chacho Córdoba'),(607,7,'El Crispín','El Crispín Córdoba'),(608,7,'El Fortín','El Fortín Córdoba'),(609,7,'El Manzano','El Manzano Córdoba'),(610,7,'El Rastreador','El Rastreador Córdoba'),(611,7,'El Rodeo','El Rodeo Córdoba'),(612,7,'El Tío','El Tío Córdoba'),(613,7,'Elena','Elena Córdoba'),(614,7,'Embalse','Embalse Córdoba'),(615,7,'Esquina','Esquina Córdoba'),(616,7,'Estación Gral. Paz','Estación Gral. Paz Córdoba'),(617,7,'Estación Juárez Celman','Estación Juárez Celman Córdoba'),(618,7,'Estancia de Guadalupe','Estancia de Guadalupe Córdoba'),(619,7,'Estancia Vieja','Estancia Vieja Córdoba'),(620,7,'Etruria','Etruria Córdoba'),(621,7,'Eufrasio Loza','Eufrasio Loza Córdoba'),(622,7,'Falda del Carmen','Falda del Carmen Córdoba'),(623,7,'Freyre','Freyre Córdoba'),(624,7,'Gral. Baldissera','Gral. Baldissera Córdoba'),(625,7,'Gral. Cabrera','Gral. Cabrera Córdoba'),(626,7,'Gral. Deheza','Gral. Deheza Córdoba'),(627,7,'Gral. Fotheringham','Gral. Fotheringham Córdoba'),(628,7,'Gral. Levalle','Gral. Levalle Córdoba'),(629,7,'Gral. Roca','Gral. Roca Córdoba'),(630,7,'Guanaco Muerto','Guanaco Muerto Córdoba'),(631,7,'Guasapampa','Guasapampa Córdoba'),(632,7,'Guatimozin','Guatimozin Córdoba'),(633,7,'Gutenberg','Gutenberg Córdoba'),(634,7,'Hernando','Hernando Córdoba'),(635,7,'Huanchillas','Huanchillas Córdoba'),(636,7,'Huerta Grande','Huerta Grande Córdoba'),(637,7,'Huinca Renanco','Huinca Renanco Córdoba'),(638,7,'Idiazabal','Idiazabal Córdoba'),(639,7,'Impira','Impira Córdoba'),(640,7,'Inriville','Inriville Córdoba'),(641,7,'Isla Verde','Isla Verde Córdoba'),(642,7,'Italó','Italó Córdoba'),(643,7,'James Craik','James Craik Córdoba'),(644,7,'Jesús María','Jesús María Córdoba'),(645,7,'Jovita','Jovita Córdoba'),(646,7,'Justiniano Posse','Justiniano Posse Córdoba'),(647,7,'Km 658','Km 658 Córdoba'),(648,7,'L. V. Mansilla','L. V. Mansilla Córdoba'),(649,7,'La Batea','La Batea Córdoba'),(650,7,'La Calera','La Calera Córdoba'),(651,7,'La Carlota','La Carlota Córdoba'),(652,7,'La Carolina','La Carolina Córdoba'),(653,7,'La Cautiva','La Cautiva Córdoba'),(654,7,'La Cesira','La Cesira Córdoba'),(655,7,'La Cruz','La Cruz Córdoba'),(656,7,'La Cumbre','La Cumbre Córdoba'),(657,7,'La Cumbrecita','La Cumbrecita Córdoba'),(658,7,'La Falda','La Falda Córdoba'),(659,7,'La Francia','La Francia Córdoba'),(660,7,'La Granja','La Granja Córdoba'),(661,7,'La Higuera','La Higuera Córdoba'),(662,7,'La Laguna','La Laguna Córdoba'),(663,7,'La Paisanita','La Paisanita Córdoba'),(664,7,'La Palestina','La Palestina Córdoba'),(665,7,'12','12 Córdoba'),(666,7,'La Paquita','La Paquita Córdoba'),(667,7,'La Para','La Para Córdoba'),(668,7,'La Paz','La Paz Córdoba'),(669,7,'La Playa','La Playa Córdoba'),(670,7,'La Playosa','La Playosa Córdoba'),(671,7,'La Población','La Población Córdoba'),(672,7,'La Posta','La Posta Córdoba'),(673,7,'La Puerta','La Puerta Córdoba'),(674,7,'La Quinta','La Quinta Córdoba'),(675,7,'La Rancherita','La Rancherita Córdoba'),(676,7,'La Rinconada','La Rinconada Córdoba'),(677,7,'La Serranita','La Serranita Córdoba'),(678,7,'La Tordilla','La Tordilla Córdoba'),(679,7,'Laborde','Laborde Córdoba'),(680,7,'Laboulaye','Laboulaye Córdoba'),(681,7,'Laguna Larga','Laguna Larga Córdoba'),(682,7,'Las Acequias','Las Acequias Córdoba'),(683,7,'Las Albahacas','Las Albahacas Córdoba'),(684,7,'Las Arrias','Las Arrias Córdoba'),(685,7,'Las Bajadas','Las Bajadas Córdoba'),(686,7,'Las Caleras','Las Caleras Córdoba'),(687,7,'Las Calles','Las Calles Córdoba'),(688,7,'Las Cañadas','Las Cañadas Córdoba'),(689,7,'Las Gramillas','Las Gramillas Córdoba'),(690,7,'Las Higueras','Las Higueras Córdoba'),(691,7,'Las Isletillas','Las Isletillas Córdoba'),(692,7,'Las Junturas','Las Junturas Córdoba'),(693,7,'Las Palmas','Las Palmas Córdoba'),(694,7,'Las Peñas','Las Peñas Córdoba'),(695,7,'Las Peñas Sud','Las Peñas Sud Córdoba'),(696,7,'Las Perdices','Las Perdices Córdoba'),(697,7,'Las Playas','Las Playas Córdoba'),(698,7,'Las Rabonas','Las Rabonas Córdoba'),(699,7,'Las Saladas','Las Saladas Córdoba'),(700,7,'Las Tapias','Las Tapias Córdoba'),(701,7,'Las Varas','Las Varas Córdoba'),(702,7,'Las Varillas','Las Varillas Córdoba'),(703,7,'Las Vertientes','Las Vertientes Córdoba'),(704,7,'Leguizamón','Leguizamón Córdoba'),(705,7,'Leones','Leones Córdoba'),(706,7,'Los Cedros','Los Cedros Córdoba'),(707,7,'Los Cerrillos','Los Cerrillos Córdoba'),(708,7,'Los Chañaritos (C.E)','Los Chañaritos (C.E) Córdoba'),(709,7,'Los Chanaritos (R.S)','Los Chanaritos (R.S) Córdoba'),(710,7,'Los Cisnes','Los Cisnes Córdoba'),(711,7,'Los Cocos','Los Cocos Córdoba'),(712,7,'Los Cóndores','Los Cóndores Córdoba'),(713,7,'Los Hornillos','Los Hornillos Córdoba'),(714,7,'Los Hoyos','Los Hoyos Córdoba'),(715,7,'Los Mistoles','Los Mistoles Córdoba'),(716,7,'Los Molinos','Los Molinos Córdoba'),(717,7,'Los Pozos','Los Pozos Córdoba'),(718,7,'Los Reartes','Los Reartes Córdoba'),(719,7,'Los Surgentes','Los Surgentes Córdoba'),(720,7,'Los Talares','Los Talares Córdoba'),(721,7,'Los Zorros','Los Zorros Córdoba'),(722,7,'Lozada','Lozada Córdoba'),(723,7,'Luca','Luca Córdoba'),(724,7,'Luque','Luque Córdoba'),(725,7,'Luyaba','Luyaba Córdoba'),(726,7,'Malagueño','Malagueño Córdoba'),(727,7,'Malena','Malena Córdoba'),(728,7,'Malvinas Argentinas','Malvinas Argentinas Córdoba'),(729,7,'Manfredi','Manfredi Córdoba'),(730,7,'Maquinista Gallini','Maquinista Gallini Córdoba'),(731,7,'Marcos Juárez','Marcos Juárez Córdoba'),(732,7,'Marull','Marull Córdoba'),(733,7,'Matorrales','Matorrales Córdoba'),(734,7,'Mattaldi','Mattaldi Córdoba'),(735,7,'Mayu Sumaj','Mayu Sumaj Córdoba'),(736,7,'Media Naranja','Media Naranja Córdoba'),(737,7,'Melo','Melo Córdoba'),(738,7,'Mendiolaza','Mendiolaza Córdoba'),(739,7,'Mi Granja','Mi Granja Córdoba'),(740,7,'Mina Clavero','Mina Clavero Córdoba'),(741,7,'Miramar','Miramar Córdoba'),(742,7,'Morrison','Morrison Córdoba'),(743,7,'Morteros','Morteros Córdoba'),(744,7,'Mte. Buey','Mte. Buey Córdoba'),(745,7,'Mte. Cristo','Mte. Cristo Córdoba'),(746,7,'Mte. De Los Gauchos','Mte. De Los Gauchos Córdoba'),(747,7,'Mte. Leña','Mte. Leña Córdoba'),(748,7,'Mte. Maíz','Mte. Maíz Córdoba'),(749,7,'Mte. Ralo','Mte. Ralo Córdoba'),(750,7,'Nicolás Bruzone','Nicolás Bruzone Córdoba'),(751,7,'Noetinger','Noetinger Córdoba'),(752,7,'Nono','Nono Córdoba'),(753,7,'Nueva 7','Nueva 7 Córdoba'),(754,7,'Obispo Trejo','Obispo Trejo Córdoba'),(755,7,'Olaeta','Olaeta Córdoba'),(756,7,'Oliva','Oliva Córdoba'),(757,7,'Olivares San Nicolás','Olivares San Nicolás Córdoba'),(758,7,'Onagolty','Onagolty Córdoba'),(759,7,'Oncativo','Oncativo Córdoba'),(760,7,'Ordoñez','Ordoñez Córdoba'),(761,7,'Pacheco De Melo','Pacheco De Melo Córdoba'),(762,7,'Pampayasta N.','Pampayasta N. Córdoba'),(763,7,'Pampayasta S.','Pampayasta S. Córdoba'),(764,7,'Panaholma','Panaholma Córdoba'),(765,7,'Pascanas','Pascanas Córdoba'),(766,7,'Pasco','Pasco Córdoba'),(767,7,'Paso del Durazno','Paso del Durazno Córdoba'),(768,7,'Paso Viejo','Paso Viejo Córdoba'),(769,7,'Pilar','Pilar Córdoba'),(770,7,'Pincén','Pincén Córdoba'),(771,7,'Piquillín','Piquillín Córdoba'),(772,7,'Plaza de Mercedes','Plaza de Mercedes Córdoba'),(773,7,'Plaza Luxardo','Plaza Luxardo Córdoba'),(774,7,'Porteña','Porteña Córdoba'),(775,7,'Potrero de Garay','Potrero de Garay Córdoba'),(776,7,'Pozo del Molle','Pozo del Molle Córdoba'),(777,7,'Pozo Nuevo','Pozo Nuevo Córdoba'),(778,7,'Pueblo Italiano','Pueblo Italiano Córdoba'),(779,7,'Puesto de Castro','Puesto de Castro Córdoba'),(780,7,'Punta del Agua','Punta del Agua Córdoba'),(781,7,'Quebracho Herrado','Quebracho Herrado Córdoba'),(782,7,'Quilino','Quilino Córdoba'),(783,7,'Rafael García','Rafael García Córdoba'),(784,7,'Ranqueles','Ranqueles Córdoba'),(785,7,'Rayo Cortado','Rayo Cortado Córdoba'),(786,7,'Reducción','Reducción Córdoba'),(787,7,'Rincón','Rincón Córdoba'),(788,7,'Río Bamba','Río Bamba Córdoba'),(789,7,'Río Ceballos','Río Ceballos Córdoba'),(790,7,'Río Cuarto','Río Cuarto Córdoba'),(791,7,'Río de Los Sauces','Río de Los Sauces Córdoba'),(792,7,'Río Primero','Río Primero Córdoba'),(793,7,'Río Segundo','Río Segundo Córdoba'),(794,7,'Río Tercero','Río Tercero Córdoba'),(795,7,'Rosales','Rosales Córdoba'),(796,7,'Rosario del Saladillo','Rosario del Saladillo Córdoba'),(797,7,'Sacanta','Sacanta Córdoba'),(798,7,'Sagrada Familia','Sagrada Familia Córdoba'),(799,7,'Saira','Saira Córdoba'),(800,7,'Saladillo','Saladillo Córdoba'),(801,7,'Saldán','Saldán Córdoba'),(802,7,'Salsacate','Salsacate Córdoba'),(803,7,'Salsipuedes','Salsipuedes Córdoba'),(804,7,'Sampacho','Sampacho Córdoba'),(805,7,'San Agustín','San Agustín Córdoba'),(806,7,'San Antonio de Arredondo','San Antonio de Arredondo Córdoba'),(807,7,'San Antonio de Litín','San Antonio de Litín Córdoba'),(808,7,'San Basilio','San Basilio Córdoba'),(809,7,'San Carlos Minas','San Carlos Minas Córdoba'),(810,7,'San Clemente','San Clemente Córdoba'),(811,7,'San Esteban','San Esteban Córdoba'),(812,7,'San Francisco','San Francisco Córdoba'),(813,7,'San Ignacio','San Ignacio Córdoba'),(814,7,'San Javier','San Javier Córdoba'),(815,7,'San Jerónimo','San Jerónimo Córdoba'),(816,7,'San Joaquín','San Joaquín Córdoba'),(817,7,'San José de La Dormida','San José de La Dormida Córdoba'),(818,7,'San José de Las Salinas','San José de Las Salinas Córdoba'),(819,7,'San Lorenzo','San Lorenzo Córdoba'),(820,7,'San Marcos Sierras','San Marcos Sierras Córdoba'),(821,7,'San Marcos Sud','San Marcos Sud Córdoba'),(822,7,'San Pedro','San Pedro Córdoba'),(823,7,'San Pedro N.','San Pedro N. Córdoba'),(824,7,'San Roque','San Roque Córdoba'),(825,7,'San Vicente','San Vicente Córdoba'),(826,7,'Santa Catalina','Santa Catalina Córdoba'),(827,7,'Santa Elena','Santa Elena Córdoba'),(828,7,'Santa Eufemia','Santa Eufemia Córdoba'),(829,7,'Santa Maria','Santa Maria Córdoba'),(830,7,'Sarmiento','Sarmiento Córdoba'),(831,7,'Saturnino M.Laspiur','Saturnino M.Laspiur Córdoba'),(832,7,'Sauce Arriba','Sauce Arriba Córdoba'),(833,7,'Sebastián Elcano','Sebastián Elcano Córdoba'),(834,7,'Seeber','Seeber Córdoba'),(835,7,'Segunda Usina','Segunda Usina Córdoba'),(836,7,'Serrano','Serrano Córdoba'),(837,7,'Serrezuela','Serrezuela Córdoba'),(838,7,'Sgo. Temple','Sgo. Temple Córdoba'),(839,7,'Silvio Pellico','Silvio Pellico Córdoba'),(840,7,'Simbolar','Simbolar Córdoba'),(841,7,'Sinsacate','Sinsacate Córdoba'),(842,7,'Sta. Rosa de Calamuchita','Sta. Rosa de Calamuchita Córdoba'),(843,7,'Sta. Rosa de Río Primero','Sta. Rosa de Río Primero Córdoba'),(844,7,'Suco','Suco Córdoba'),(845,7,'Tala Cañada','Tala Cañada Córdoba'),(846,7,'Tala Huasi','Tala Huasi Córdoba'),(847,7,'Talaini','Talaini Córdoba'),(848,7,'Tancacha','Tancacha Córdoba'),(849,7,'Tanti','Tanti Córdoba'),(850,7,'Ticino','Ticino Córdoba'),(851,7,'Tinoco','Tinoco Córdoba'),(852,7,'Tío Pujio','Tío Pujio Córdoba'),(853,7,'Toledo','Toledo Córdoba'),(854,7,'Toro Pujio','Toro Pujio Córdoba'),(855,7,'Tosno','Tosno Córdoba'),(856,7,'Tosquita','Tosquita Córdoba'),(857,7,'Tránsito','Tránsito Córdoba'),(858,7,'Tuclame','Tuclame Córdoba'),(859,7,'Tutti','Tutti Córdoba'),(860,7,'Ucacha','Ucacha Córdoba'),(861,7,'Unquillo','Unquillo Córdoba'),(862,7,'Valle de Anisacate','Valle de Anisacate Córdoba'),(863,7,'Valle Hermoso','Valle Hermoso Córdoba'),(864,7,'Vélez Sarfield','Vélez Sarfield Córdoba'),(865,7,'Viamonte','Viamonte Córdoba'),(866,7,'Vicuña Mackenna','Vicuña Mackenna Córdoba'),(867,7,'Villa Allende','Villa Allende Córdoba'),(868,7,'Villa Amancay','Villa Amancay Córdoba'),(869,7,'Villa Ascasubi','Villa Ascasubi Córdoba'),(870,7,'Villa Candelaria N.','Villa Candelaria N. Córdoba'),(871,7,'Villa Carlos Paz','Villa Carlos Paz Córdoba'),(872,7,'Villa Cerro Azul','Villa Cerro Azul Córdoba'),(873,7,'Villa Ciudad de América','Villa Ciudad de América Córdoba'),(874,7,'Villa Ciudad Pque Los Reartes','Villa Ciudad Pque Los Reartes Córdoba'),(875,7,'Villa Concepción del Tío','Villa Concepción del Tío Córdoba'),(876,7,'Villa Cura Brochero','Villa Cura Brochero Córdoba'),(877,7,'Villa de Las Rosas','Villa de Las Rosas Córdoba'),(878,7,'Villa de María','Villa de María Córdoba'),(879,7,'Villa de Pocho','Villa de Pocho Córdoba'),(880,7,'Villa de Soto','Villa de Soto Córdoba'),(881,7,'Villa del Dique','Villa del Dique Córdoba'),(882,7,'Villa del Prado','Villa del Prado Córdoba'),(883,7,'Villa del Rosario','Villa del Rosario Córdoba'),(884,7,'Villa del Totoral','Villa del Totoral Córdoba'),(885,7,'Villa Dolores','Villa Dolores Córdoba'),(886,7,'Villa El Chancay','Villa El Chancay Córdoba'),(887,7,'Villa Elisa','Villa Elisa Córdoba'),(888,7,'Villa Flor Serrana','Villa Flor Serrana Córdoba'),(889,7,'Villa Fontana','Villa Fontana Córdoba'),(890,7,'Villa Giardino','Villa Giardino Córdoba'),(891,7,'Villa Gral. Belgrano','Villa Gral. Belgrano Córdoba'),(892,7,'Villa Gutierrez','Villa Gutierrez Córdoba'),(893,7,'Villa Huidobro','Villa Huidobro Córdoba'),(894,7,'Villa La Bolsa','Villa La Bolsa Córdoba'),(895,7,'Villa Los Aromos','Villa Los Aromos Córdoba'),(896,7,'Villa Los Patos','Villa Los Patos Córdoba'),(897,7,'Villa María','Villa María Córdoba'),(898,7,'Villa Nueva','Villa Nueva Córdoba'),(899,7,'Villa Pque. Santa Ana','Villa Pque. Santa Ana Córdoba'),(900,7,'Villa Pque. Siquiman','Villa Pque. Siquiman Córdoba'),(901,7,'Villa Quillinzo','Villa Quillinzo Córdoba'),(902,7,'Villa Rossi','Villa Rossi Córdoba'),(903,7,'Villa Rumipal','Villa Rumipal Córdoba'),(904,7,'Villa San Esteban','Villa San Esteban Córdoba'),(905,7,'Villa San Isidro','Villa San Isidro Córdoba'),(906,7,'Villa 21','Villa 21 Córdoba'),(907,7,'Villa Sarmiento (G.R)','Villa Sarmiento (G.R) Córdoba'),(908,7,'Villa Sarmiento (S.A)','Villa Sarmiento (S.A) Córdoba'),(909,7,'Villa Tulumba','Villa Tulumba Córdoba'),(910,7,'Villa Valeria','Villa Valeria Córdoba'),(911,7,'Villa Yacanto','Villa Yacanto Córdoba'),(912,7,'Washington','Washington Córdoba'),(913,7,'Wenceslao Escalante','Wenceslao Escalante Córdoba'),(914,7,'Ycho Cruz Sierras','Ycho Cruz Sierras Córdoba'),(915,8,'Alvear','Alvear Corrientes'),(916,8,'Bella Vista','Bella Vista Corrientes'),(917,8,'Berón de Astrada','Berón de Astrada Corrientes'),(918,8,'Bonpland','Bonpland Corrientes'),(919,8,'Caá Cati','Caá Cati Corrientes'),(920,8,'Capital','Capital Corrientes'),(921,8,'Chavarría','Chavarría Corrientes'),(922,8,'Col. C. Pellegrini','Col. C. Pellegrini Corrientes'),(923,8,'Col. Libertad','Col. Libertad Corrientes'),(924,8,'Col. Liebig','Col. Liebig Corrientes'),(925,8,'Col. Sta Rosa','Col. Sta Rosa Corrientes'),(926,8,'Concepción','Concepción Corrientes'),(927,8,'Cruz de Los Milagros','Cruz de Los Milagros Corrientes'),(928,8,'Curuzú-Cuatiá','Curuzú-Cuatiá Corrientes'),(929,8,'Empedrado','Empedrado Corrientes'),(930,8,'Esquina','Esquina Corrientes'),(931,8,'Estación Torrent','Estación Torrent Corrientes'),(932,8,'Felipe Yofré','Felipe Yofré Corrientes'),(933,8,'Garruchos','Garruchos Corrientes'),(934,8,'Gdor. Agrónomo','Gdor. Agrónomo Corrientes'),(935,8,'Gdor. Martínez','Gdor. Martínez Corrientes'),(936,8,'Goya','Goya Corrientes'),(937,8,'Guaviravi','Guaviravi Corrientes'),(938,8,'Herlitzka','Herlitzka Corrientes'),(939,8,'Ita-Ibate','Ita-Ibate Corrientes'),(940,8,'Itatí','Itatí Corrientes'),(941,8,'Ituzaingó','Ituzaingó Corrientes'),(942,8,'José Rafael Gómez','José Rafael Gómez Corrientes'),(943,8,'Juan Pujol','Juan Pujol Corrientes'),(944,8,'La Cruz','La Cruz Corrientes'),(945,8,'Lavalle','Lavalle Corrientes'),(946,8,'Lomas de Vallejos','Lomas de Vallejos Corrientes'),(947,8,'Loreto','Loreto Corrientes'),(948,8,'Mariano I. Loza','Mariano I. Loza Corrientes'),(949,8,'Mburucuyá','Mburucuyá Corrientes'),(950,8,'Mercedes','Mercedes Corrientes'),(951,8,'Mocoretá','Mocoretá Corrientes'),(952,8,'Mte. Caseros','Mte. Caseros Corrientes'),(953,8,'Nueve de Julio','Nueve de Julio Corrientes'),(954,8,'Palmar Grande','Palmar Grande Corrientes'),(955,8,'Parada Pucheta','Parada Pucheta Corrientes'),(956,8,'Paso de La Patria','Paso de La Patria Corrientes'),(957,8,'Paso de Los Libres','Paso de Los Libres Corrientes'),(958,8,'Pedro R. Fernandez','Pedro R. Fernandez Corrientes'),(959,8,'Perugorría','Perugorría Corrientes'),(960,8,'Pueblo Libertador','Pueblo Libertador Corrientes'),(961,8,'Ramada Paso','Ramada Paso Corrientes'),(962,8,'Riachuelo','Riachuelo Corrientes'),(963,8,'Saladas','Saladas Corrientes'),(964,8,'San Antonio','San Antonio Corrientes'),(965,8,'San Carlos','San Carlos Corrientes'),(966,8,'San Cosme','San Cosme Corrientes'),(967,8,'San Lorenzo','San Lorenzo Corrientes'),(968,8,'20 del Palmar','20 del Palmar Corrientes'),(969,8,'San Miguel','San Miguel Corrientes'),(970,8,'San Roque','San Roque Corrientes'),(971,8,'Santa Ana','Santa Ana Corrientes'),(972,8,'Santa Lucía','Santa Lucía Corrientes'),(973,8,'Santo Tomé','Santo Tomé Corrientes'),(974,8,'Sauce','Sauce Corrientes'),(975,8,'Tabay','Tabay Corrientes'),(976,8,'Tapebicuá','Tapebicuá Corrientes'),(977,8,'Tatacua','Tatacua Corrientes'),(978,8,'Virasoro','Virasoro Corrientes'),(979,8,'Yapeyú','Yapeyú Corrientes'),(980,8,'Yataití Calle','Yataití Calle Corrientes'),(981,9,'Alarcón','Alarcón Entre Ríos'),(982,9,'Alcaraz','Alcaraz Entre Ríos'),(983,9,'Alcaraz N.','Alcaraz N. Entre Ríos'),(984,9,'Alcaraz S.','Alcaraz S. Entre Ríos'),(985,9,'Aldea Asunción','Aldea Asunción Entre Ríos'),(986,9,'Aldea Brasilera','Aldea Brasilera Entre Ríos'),(987,9,'Aldea Elgenfeld','Aldea Elgenfeld Entre Ríos'),(988,9,'Aldea Grapschental','Aldea Grapschental Entre Ríos'),(989,9,'Aldea Ma. Luisa','Aldea Ma. Luisa Entre Ríos'),(990,9,'Aldea Protestante','Aldea Protestante Entre Ríos'),(991,9,'Aldea Salto','Aldea Salto Entre Ríos'),(992,9,'Aldea San Antonio (G)','Aldea San Antonio (G) Entre Ríos'),(993,9,'Aldea San Antonio (P)','Aldea San Antonio (P) Entre Ríos'),(994,9,'Aldea 19','Aldea 19 Entre Ríos'),(995,9,'Aldea San Miguel','Aldea San Miguel Entre Ríos'),(996,9,'Aldea San Rafael','Aldea San Rafael Entre Ríos'),(997,9,'Aldea Spatzenkutter','Aldea Spatzenkutter Entre Ríos'),(998,9,'Aldea Sta. María','Aldea Sta. María Entre Ríos'),(999,9,'Aldea Sta. Rosa','Aldea Sta. Rosa Entre Ríos'),(1000,9,'Aldea Valle María','Aldea Valle María Entre Ríos'),(1001,9,'Altamirano Sur','Altamirano Sur Entre Ríos'),(1002,9,'Antelo','Antelo Entre Ríos'),(1003,9,'Antonio Tomás','Antonio Tomás Entre Ríos'),(1004,9,'Aranguren','Aranguren Entre Ríos'),(1005,9,'Arroyo Barú','Arroyo Barú Entre Ríos'),(1006,9,'Arroyo Burgos','Arroyo Burgos Entre Ríos'),(1007,9,'Arroyo Clé','Arroyo Clé Entre Ríos'),(1008,9,'Arroyo Corralito','Arroyo Corralito Entre Ríos'),(1009,9,'Arroyo del Medio','Arroyo del Medio Entre Ríos'),(1010,9,'Arroyo Maturrango','Arroyo Maturrango Entre Ríos'),(1011,9,'Arroyo Palo Seco','Arroyo Palo Seco Entre Ríos'),(1012,9,'Banderas','Banderas Entre Ríos'),(1013,9,'Basavilbaso','Basavilbaso Entre Ríos'),(1014,9,'Betbeder','Betbeder Entre Ríos'),(1015,9,'Bovril','Bovril Entre Ríos'),(1016,9,'Caseros','Caseros Entre Ríos'),(1017,9,'Ceibas','Ceibas Entre Ríos'),(1018,9,'Cerrito','Cerrito Entre Ríos'),(1019,9,'Chajarí','Chajarí Entre Ríos'),(1020,9,'Chilcas','Chilcas Entre Ríos'),(1021,9,'Clodomiro Ledesma','Clodomiro Ledesma Entre Ríos'),(1022,9,'Col. Alemana','Col. Alemana Entre Ríos'),(1023,9,'Col. Avellaneda','Col. Avellaneda Entre Ríos'),(1024,9,'Col. Avigdor','Col. Avigdor Entre Ríos'),(1025,9,'Col. Ayuí','Col. Ayuí Entre Ríos'),(1026,9,'Col. Baylina','Col. Baylina Entre Ríos'),(1027,9,'Col. Carrasco','Col. Carrasco Entre Ríos'),(1028,9,'Col. Celina','Col. Celina Entre Ríos'),(1029,9,'Col. Cerrito','Col. Cerrito Entre Ríos'),(1030,9,'Col. Crespo','Col. Crespo Entre Ríos'),(1031,9,'Col. Elia','Col. Elia Entre Ríos'),(1032,9,'Col. Ensayo','Col. Ensayo Entre Ríos'),(1033,9,'Col. Gral. Roca','Col. Gral. Roca Entre Ríos'),(1034,9,'Col. La Argentina','Col. La Argentina Entre Ríos'),(1035,9,'Col. Merou','Col. Merou Entre Ríos'),(1036,9,'Col. Oficial Nª3','Col. Oficial Nª3 Entre Ríos'),(1037,9,'Col. Oficial Nº13','Col. Oficial Nº13 Entre Ríos'),(1038,9,'Col. Oficial Nº14','Col. Oficial Nº14 Entre Ríos'),(1039,9,'Col. Oficial Nº5','Col. Oficial Nº5 Entre Ríos'),(1040,9,'Col. Reffino','Col. Reffino Entre Ríos'),(1041,9,'Col. Tunas','Col. Tunas Entre Ríos'),(1042,9,'Col. Viraró','Col. Viraró Entre Ríos'),(1043,9,'Colón','Colón Entre Ríos'),(1044,9,'Concepción del Uruguay','Concepción del Uruguay Entre Ríos'),(1045,9,'Concordia','Concordia Entre Ríos'),(1046,9,'Conscripto Bernardi','Conscripto Bernardi Entre Ríos'),(1047,9,'Costa Grande','Costa Grande Entre Ríos'),(1048,9,'Costa San Antonio','Costa San Antonio Entre Ríos'),(1049,9,'Costa Uruguay N.','Costa Uruguay N. Entre Ríos'),(1050,9,'Costa Uruguay S.','Costa Uruguay S. Entre Ríos'),(1051,9,'Crespo','Crespo Entre Ríos'),(1052,9,'Crucecitas 3ª','Crucecitas 3ª Entre Ríos'),(1053,9,'Crucecitas 7ª','Crucecitas 7ª Entre Ríos'),(1054,9,'Crucecitas 8ª','Crucecitas 8ª Entre Ríos'),(1055,9,'Cuchilla Redonda','Cuchilla Redonda Entre Ríos'),(1056,9,'Curtiembre','Curtiembre Entre Ríos'),(1057,9,'Diamante','Diamante Entre Ríos'),(1058,9,'Distrito 6º','Distrito 6º Entre Ríos'),(1059,9,'Distrito Chañar','Distrito Chañar Entre Ríos'),(1060,9,'Distrito Chiqueros','Distrito Chiqueros Entre Ríos'),(1061,9,'Distrito Cuarto','Distrito Cuarto Entre Ríos'),(1062,9,'Distrito Diego López','Distrito Diego López Entre Ríos'),(1063,9,'Distrito Pajonal','Distrito Pajonal Entre Ríos'),(1064,9,'Distrito Sauce','Distrito Sauce Entre Ríos'),(1065,9,'Distrito Tala','Distrito Tala Entre Ríos'),(1066,9,'Distrito Talitas','Distrito Talitas Entre Ríos'),(1067,9,'Don Cristóbal 1ª Sección','Don Cristóbal 1ª Sección Entre Ríos'),(1068,9,'Don Cristóbal 2ª Sección','Don Cristóbal 2ª Sección Entre Ríos'),(1069,9,'Durazno','Durazno Entre Ríos'),(1070,9,'El Cimarrón','El Cimarrón Entre Ríos'),(1071,9,'El Gramillal','El Gramillal Entre Ríos'),(1072,9,'El Palenque','El Palenque Entre Ríos'),(1073,9,'El Pingo','El Pingo Entre Ríos'),(1074,9,'El Quebracho','El Quebracho Entre Ríos'),(1075,9,'El Redomón','El Redomón Entre Ríos'),(1076,9,'El Solar','El Solar Entre Ríos'),(1077,9,'Enrique Carbo','Enrique Carbo Entre Ríos'),(1078,9,'9','9 Entre Ríos'),(1079,9,'Espinillo N.','Espinillo N. Entre Ríos'),(1080,9,'Estación Campos','Estación Campos Entre Ríos'),(1081,9,'Estación Escriña','Estación Escriña Entre Ríos'),(1082,9,'Estación Lazo','Estación Lazo Entre Ríos'),(1083,9,'Estación Raíces','Estación Raíces Entre Ríos'),(1084,9,'Estación Yerúa','Estación Yerúa Entre Ríos'),(1085,9,'Estancia Grande','Estancia Grande Entre Ríos'),(1086,9,'Estancia Líbaros','Estancia Líbaros Entre Ríos'),(1087,9,'Estancia Racedo','Estancia Racedo Entre Ríos'),(1088,9,'Estancia Solá','Estancia Solá Entre Ríos'),(1089,9,'Estancia Yuquerí','Estancia Yuquerí Entre Ríos'),(1090,9,'Estaquitas','Estaquitas Entre Ríos'),(1091,9,'Faustino M. Parera','Faustino M. Parera Entre Ríos'),(1092,9,'Febre','Febre Entre Ríos'),(1093,9,'Federación','Federación Entre Ríos'),(1094,9,'Federal','Federal Entre Ríos'),(1095,9,'Gdor. Echagüe','Gdor. Echagüe Entre Ríos'),(1096,9,'Gdor. Mansilla','Gdor. Mansilla Entre Ríos'),(1097,9,'Gilbert','Gilbert Entre Ríos'),(1098,9,'González Calderón','González Calderón Entre Ríos'),(1099,9,'Gral. Almada','Gral. Almada Entre Ríos'),(1100,9,'Gral. Alvear','Gral. Alvear Entre Ríos'),(1101,9,'Gral. Campos','Gral. Campos Entre Ríos'),(1102,9,'Gral. Galarza','Gral. Galarza Entre Ríos'),(1103,9,'Gral. Ramírez','Gral. Ramírez Entre Ríos'),(1104,9,'Gualeguay','Gualeguay Entre Ríos'),(1105,9,'Gualeguaychú','Gualeguaychú Entre Ríos'),(1106,9,'Gualeguaycito','Gualeguaycito Entre Ríos'),(1107,9,'Guardamonte','Guardamonte Entre Ríos'),(1108,9,'Hambis','Hambis Entre Ríos'),(1109,9,'Hasenkamp','Hasenkamp Entre Ríos'),(1110,9,'Hernandarias','Hernandarias Entre Ríos'),(1111,9,'Hernández','Hernández Entre Ríos'),(1112,9,'Herrera','Herrera Entre Ríos'),(1113,9,'Hinojal','Hinojal Entre Ríos'),(1114,9,'Hocker','Hocker Entre Ríos'),(1115,9,'Ing. Sajaroff','Ing. Sajaroff Entre Ríos'),(1116,9,'Irazusta','Irazusta Entre Ríos'),(1117,9,'Isletas','Isletas Entre Ríos'),(1118,9,'J.J De Urquiza','J.J De Urquiza Entre Ríos'),(1119,9,'Jubileo','Jubileo Entre Ríos'),(1120,9,'La Clarita','La Clarita Entre Ríos'),(1121,9,'La Criolla','La Criolla Entre Ríos'),(1122,9,'La Esmeralda','La Esmeralda Entre Ríos'),(1123,9,'La Florida','La Florida Entre Ríos'),(1124,9,'La Fraternidad','La Fraternidad Entre Ríos'),(1125,9,'La Hierra','La Hierra Entre Ríos'),(1126,9,'La Ollita','La Ollita Entre Ríos'),(1127,9,'La Paz','La Paz Entre Ríos'),(1128,9,'La Picada','La Picada Entre Ríos'),(1129,9,'La Providencia','La Providencia Entre Ríos'),(1130,9,'La Verbena','La Verbena Entre Ríos'),(1131,9,'Laguna Benítez','Laguna Benítez Entre Ríos'),(1132,9,'Larroque','Larroque Entre Ríos'),(1133,9,'Las Cuevas','Las Cuevas Entre Ríos'),(1134,9,'Las Garzas','Las Garzas Entre Ríos'),(1135,9,'Las Guachas','Las Guachas Entre Ríos'),(1136,9,'Las Mercedes','Las Mercedes Entre Ríos'),(1137,9,'Las Moscas','Las Moscas Entre Ríos'),(1138,9,'Las Mulitas','Las Mulitas Entre Ríos'),(1139,9,'Las Toscas','Las Toscas Entre Ríos'),(1140,9,'Laurencena','Laurencena Entre Ríos'),(1141,9,'Libertador San Martín','Libertador San Martín Entre Ríos'),(1142,9,'Loma Limpia','Loma Limpia Entre Ríos'),(1143,9,'Los Ceibos','Los Ceibos Entre Ríos'),(1144,9,'Los Charruas','Los Charruas Entre Ríos'),(1145,9,'Los Conquistadores','Los Conquistadores Entre Ríos'),(1146,9,'Lucas González','Lucas González Entre Ríos'),(1147,9,'Lucas N.','Lucas N. Entre Ríos'),(1148,9,'Lucas S. 1ª','Lucas S. 1ª Entre Ríos'),(1149,9,'Lucas S. 2ª','Lucas S. 2ª Entre Ríos'),(1150,9,'Maciá','Maciá Entre Ríos'),(1151,9,'María Grande','María Grande Entre Ríos'),(1152,9,'María Grande 2ª','María Grande 2ª Entre Ríos'),(1153,9,'Médanos','Médanos Entre Ríos'),(1154,9,'Mojones N.','Mojones N. Entre Ríos'),(1155,9,'Mojones S.','Mojones S. Entre Ríos'),(1156,9,'Molino Doll','Molino Doll Entre Ríos'),(1157,9,'Monte Redondo','Monte Redondo Entre Ríos'),(1158,9,'Montoya','Montoya Entre Ríos'),(1159,9,'Mulas Grandes','Mulas Grandes Entre Ríos'),(1160,9,'Ñancay','Ñancay Entre Ríos'),(1161,9,'Nogoyá','Nogoyá Entre Ríos'),(1162,9,'Nueva Escocia','Nueva Escocia Entre Ríos'),(1163,9,'Nueva Vizcaya','Nueva Vizcaya Entre Ríos'),(1164,9,'Ombú','Ombú Entre Ríos'),(1165,9,'Oro Verde','Oro Verde Entre Ríos'),(1166,9,'Paraná','Paraná Entre Ríos'),(1167,9,'Pasaje Guayaquil','Pasaje Guayaquil Entre Ríos'),(1168,9,'Pasaje Las Tunas','Pasaje Las Tunas Entre Ríos'),(1169,9,'Paso de La Arena','Paso de La Arena Entre Ríos'),(1170,9,'Paso de La Laguna','Paso de La Laguna Entre Ríos'),(1171,9,'Paso de Las Piedras','Paso de Las Piedras Entre Ríos'),(1172,9,'Paso Duarte','Paso Duarte Entre Ríos'),(1173,9,'Pastor Britos','Pastor Britos Entre Ríos'),(1174,9,'Pedernal','Pedernal Entre Ríos'),(1175,9,'Perdices','Perdices Entre Ríos'),(1176,9,'Picada Berón','Picada Berón Entre Ríos'),(1177,9,'Piedras Blancas','Piedras Blancas Entre Ríos'),(1178,9,'Primer Distrito Cuchilla','Primer Distrito Cuchilla Entre Ríos'),(1179,9,'Primero de Mayo','Primero de Mayo Entre Ríos'),(1180,9,'Pronunciamiento','Pronunciamiento Entre Ríos'),(1181,9,'Pto. Algarrobo','Pto. Algarrobo Entre Ríos'),(1182,9,'Pto. Ibicuy','Pto. Ibicuy Entre Ríos'),(1183,9,'Pueblo Brugo','Pueblo Brugo Entre Ríos'),(1184,9,'Pueblo Cazes','Pueblo Cazes Entre Ríos'),(1185,9,'Pueblo Gral. Belgrano','Pueblo Gral. Belgrano Entre Ríos'),(1186,9,'Pueblo Liebig','Pueblo Liebig Entre Ríos'),(1187,9,'Puerto Yeruá','Puerto Yeruá Entre Ríos'),(1188,9,'Punta del Monte','Punta del Monte Entre Ríos'),(1189,9,'Quebracho','Quebracho Entre Ríos'),(1190,9,'Quinto Distrito','Quinto Distrito Entre Ríos'),(1191,9,'Raices Oeste','Raices Oeste Entre Ríos'),(1192,9,'Rincón de Nogoyá','Rincón de Nogoyá Entre Ríos'),(1193,9,'Rincón del Cinto','Rincón del Cinto Entre Ríos'),(1194,9,'Rincón del Doll','Rincón del Doll Entre Ríos'),(1195,9,'Rincón del Gato','Rincón del Gato Entre Ríos'),(1196,9,'Rocamora','Rocamora Entre Ríos'),(1197,9,'Rosario del Tala','Rosario del Tala Entre Ríos'),(1198,9,'San Benito','San Benito Entre Ríos'),(1199,9,'San Cipriano','San Cipriano Entre Ríos'),(1200,9,'San Ernesto','San Ernesto Entre Ríos'),(1201,9,'San Gustavo','San Gustavo Entre Ríos'),(1202,9,'San Jaime','San Jaime Entre Ríos'),(1203,9,'San José','San José Entre Ríos'),(1204,9,'San José de Feliciano','San José de Feliciano Entre Ríos'),(1205,9,'San Justo','San Justo Entre Ríos'),(1206,9,'San Marcial','San Marcial Entre Ríos'),(1207,9,'San Pedro','San Pedro Entre Ríos'),(1208,9,'San Ramírez','San Ramírez Entre Ríos'),(1209,9,'San Ramón','San Ramón Entre Ríos'),(1210,9,'San Roque','San Roque Entre Ríos'),(1211,9,'San Salvador','San Salvador Entre Ríos'),(1212,9,'San Víctor','San Víctor Entre Ríos'),(1213,9,'Santa Ana','Santa Ana Entre Ríos'),(1214,9,'Santa Anita','Santa Anita Entre Ríos'),(1215,9,'Santa Elena','Santa Elena Entre Ríos'),(1216,9,'Santa Lucía','Santa Lucía Entre Ríos'),(1217,9,'Santa Luisa','Santa Luisa Entre Ríos'),(1218,9,'Sauce de Luna','Sauce de Luna Entre Ríos'),(1219,9,'Sauce Montrull','Sauce Montrull Entre Ríos'),(1220,9,'Sauce Pinto','Sauce Pinto Entre Ríos'),(1221,9,'Sauce Sur','Sauce Sur Entre Ríos'),(1222,9,'Seguí','Seguí Entre Ríos'),(1223,9,'Sir Leonard','Sir Leonard Entre Ríos'),(1224,9,'Sosa','Sosa Entre Ríos'),(1225,9,'Tabossi','Tabossi Entre Ríos'),(1226,9,'Tezanos Pinto','Tezanos Pinto Entre Ríos'),(1227,9,'Ubajay','Ubajay Entre Ríos'),(1228,9,'Urdinarrain','Urdinarrain Entre Ríos'),(1229,9,'Veinte de Septiembre','Veinte de Septiembre Entre Ríos'),(1230,9,'Viale','Viale Entre Ríos'),(1231,9,'Victoria','Victoria Entre Ríos'),(1232,9,'Villa Clara','Villa Clara Entre Ríos'),(1233,9,'Villa del Rosario','Villa del Rosario Entre Ríos'),(1234,9,'Villa Domínguez','Villa Domínguez Entre Ríos'),(1235,9,'Villa Elisa','Villa Elisa Entre Ríos'),(1236,9,'Villa Fontana','Villa Fontana Entre Ríos'),(1237,9,'Villa Gdor. Etchevehere','Villa Gdor. Etchevehere Entre Ríos'),(1238,9,'Villa Mantero','Villa Mantero Entre Ríos'),(1239,9,'Villa Paranacito','Villa Paranacito Entre Ríos'),(1240,9,'Villa Urquiza','Villa Urquiza Entre Ríos'),(1241,9,'Villaguay','Villaguay Entre Ríos'),(1242,9,'Walter Moss','Walter Moss Entre Ríos'),(1243,9,'Yacaré','Yacaré Entre Ríos'),(1244,9,'Yeso Oeste','Yeso Oeste Entre Ríos'),(1245,10,'Buena Vista','Buena Vista Formosa'),(1246,10,'Clorinda','Clorinda Formosa'),(1247,10,'Col. Pastoril','Col. Pastoril Formosa'),(1248,10,'Cte. Fontana','Cte. Fontana Formosa'),(1249,10,'El Colorado','El Colorado Formosa'),(1250,10,'El Espinillo','El Espinillo Formosa'),(1251,10,'Estanislao Del Campo','Estanislao Del Campo Formosa'),(1252,10,'10','10 Formosa'),(1253,10,'Fortín Lugones','Fortín Lugones Formosa'),(1254,10,'Gral. Lucio V. Mansilla','Gral. Lucio V. Mansilla Formosa'),(1255,10,'Gral. Manuel Belgrano','Gral. Manuel Belgrano Formosa'),(1256,10,'Gral. Mosconi','Gral. Mosconi Formosa'),(1257,10,'Gran Guardia','Gran Guardia Formosa'),(1258,10,'Herradura','Herradura Formosa'),(1259,10,'Ibarreta','Ibarreta Formosa'),(1260,10,'Ing. Juárez','Ing. Juárez Formosa'),(1261,10,'Laguna Blanca','Laguna Blanca Formosa'),(1262,10,'Laguna Naick Neck','Laguna Naick Neck Formosa'),(1263,10,'Laguna Yema','Laguna Yema Formosa'),(1264,10,'Las Lomitas','Las Lomitas Formosa'),(1265,10,'Los Chiriguanos','Los Chiriguanos Formosa'),(1266,10,'Mayor V. Villafañe','Mayor V. Villafañe Formosa'),(1267,10,'Misión San Fco.','Misión San Fco. Formosa'),(1268,10,'Palo Santo','Palo Santo Formosa'),(1269,10,'Pirané','Pirané Formosa'),(1270,10,'Pozo del Maza','Pozo del Maza Formosa'),(1271,10,'Riacho He-He','Riacho He-He Formosa'),(1272,10,'San Hilario','San Hilario Formosa'),(1273,10,'San Martín II','San Martín II Formosa'),(1274,10,'Siete Palmas','Siete Palmas Formosa'),(1275,10,'Subteniente Perín','Subteniente Perín Formosa'),(1276,10,'Tres Lagunas','Tres Lagunas Formosa'),(1277,10,'Villa Dos Trece','Villa Dos Trece Formosa'),(1278,10,'Villa Escolar','Villa Escolar Formosa'),(1279,10,'Villa Gral. Güemes','Villa Gral. Güemes Formosa'),(1280,11,'Abdon Castro Tolay','Abdon Castro Tolay Jujuy'),(1281,11,'Abra Pampa','Abra Pampa Jujuy'),(1282,11,'Abralaite','Abralaite Jujuy'),(1283,11,'Aguas Calientes','Aguas Calientes Jujuy'),(1284,11,'Arrayanal','Arrayanal Jujuy'),(1285,11,'Barrios','Barrios Jujuy'),(1286,11,'Caimancito','Caimancito Jujuy'),(1287,11,'Calilegua','Calilegua Jujuy'),(1288,11,'Cangrejillos','Cangrejillos Jujuy'),(1289,11,'Caspala','Caspala Jujuy'),(1290,11,'Catuá','Catuá Jujuy'),(1291,11,'Cieneguillas','Cieneguillas Jujuy'),(1292,11,'Coranzulli','Coranzulli Jujuy'),(1293,11,'Cusi-Cusi','Cusi-Cusi Jujuy'),(1294,11,'El Aguilar','El Aguilar Jujuy'),(1295,11,'El Carmen','El Carmen Jujuy'),(1296,11,'El Cóndor','El Cóndor Jujuy'),(1297,11,'El Fuerte','El Fuerte Jujuy'),(1298,11,'El Piquete','El Piquete Jujuy'),(1299,11,'El Talar','El Talar Jujuy'),(1300,11,'Fraile Pintado','Fraile Pintado Jujuy'),(1301,11,'Hipólito Yrigoyen','Hipólito Yrigoyen Jujuy'),(1302,11,'Huacalera','Huacalera Jujuy'),(1303,11,'Humahuaca','Humahuaca Jujuy'),(1304,11,'La Esperanza','La Esperanza Jujuy'),(1305,11,'La Mendieta','La Mendieta Jujuy'),(1306,11,'La Quiaca','La Quiaca Jujuy'),(1307,11,'Ledesma','Ledesma Jujuy'),(1308,11,'Libertador Gral. San Martin','Libertador Gral. San Martin Jujuy'),(1309,11,'Maimara','Maimara Jujuy'),(1310,11,'Mina Pirquitas','Mina Pirquitas Jujuy'),(1311,11,'Monterrico','Monterrico Jujuy'),(1312,11,'Palma Sola','Palma Sola Jujuy'),(1313,11,'Palpalá','Palpalá Jujuy'),(1314,11,'Pampa Blanca','Pampa Blanca Jujuy'),(1315,11,'Pampichuela','Pampichuela Jujuy'),(1316,11,'Perico','Perico Jujuy'),(1317,11,'Puesto del Marqués','Puesto del Marqués Jujuy'),(1318,11,'Puesto Viejo','Puesto Viejo Jujuy'),(1319,11,'Pumahuasi','Pumahuasi Jujuy'),(1320,11,'Purmamarca','Purmamarca Jujuy'),(1321,11,'Rinconada','Rinconada Jujuy'),(1322,11,'Rodeitos','Rodeitos Jujuy'),(1323,11,'Rosario de Río Grande','Rosario de Río Grande Jujuy'),(1324,11,'San Antonio','San Antonio Jujuy'),(1325,11,'San Francisco','San Francisco Jujuy'),(1326,11,'San Pedro','San Pedro Jujuy'),(1327,11,'San Rafael','San Rafael Jujuy'),(1328,11,'San Salvador','San Salvador Jujuy'),(1329,11,'Santa Ana','Santa Ana Jujuy'),(1330,11,'Santa Catalina','Santa Catalina Jujuy'),(1331,11,'Santa Clara','Santa Clara Jujuy'),(1332,11,'Susques','Susques Jujuy'),(1333,11,'Tilcara','Tilcara Jujuy'),(1334,11,'Tres Cruces','Tres Cruces Jujuy'),(1335,11,'Tumbaya','Tumbaya Jujuy'),(1336,11,'Valle Grande','Valle Grande Jujuy'),(1337,11,'Vinalito','Vinalito Jujuy'),(1338,11,'Volcán','Volcán Jujuy'),(1339,11,'Yala','Yala Jujuy'),(1340,11,'Yaví','Yaví Jujuy'),(1341,11,'Yuto','Yuto Jujuy'),(1342,12,'Abramo','Abramo La Pampa'),(1343,12,'Adolfo Van Praet','Adolfo Van Praet La Pampa'),(1344,12,'Agustoni','Agustoni La Pampa'),(1345,12,'Algarrobo del Aguila','Algarrobo del Aguila La Pampa'),(1346,12,'Alpachiri','Alpachiri La Pampa'),(1347,12,'Alta Italia','Alta Italia La Pampa'),(1348,12,'Anguil','Anguil La Pampa'),(1349,12,'Arata','Arata La Pampa'),(1350,12,'Ataliva Roca','Ataliva Roca La Pampa'),(1351,12,'Bernardo Larroude','Bernardo Larroude La Pampa'),(1352,12,'Bernasconi','Bernasconi La Pampa'),(1353,12,'Caleufú','Caleufú La Pampa'),(1354,12,'Carro Quemado','Carro Quemado La Pampa'),(1355,12,'Catriló','Catriló La Pampa'),(1356,12,'Ceballos','Ceballos La Pampa'),(1357,12,'Chacharramendi','Chacharramendi La Pampa'),(1358,12,'Col. Barón','Col. Barón La Pampa'),(1359,12,'Col. Santa María','Col. Santa María La Pampa'),(1360,12,'Conhelo','Conhelo La Pampa'),(1361,12,'Coronel Hilario Lagos','Coronel Hilario Lagos La Pampa'),(1362,12,'Cuchillo-Có','Cuchillo-Có La Pampa'),(1363,12,'Doblas','Doblas La Pampa'),(1364,12,'Dorila','Dorila La Pampa'),(1365,12,'Eduardo Castex','Eduardo Castex La Pampa'),(1366,12,'Embajador Martini','Embajador Martini La Pampa'),(1367,12,'Falucho','Falucho La Pampa'),(1368,12,'Gral. Acha','Gral. Acha La Pampa'),(1369,12,'Gral. Manuel Campos','Gral. Manuel Campos La Pampa'),(1370,12,'Gral. Pico','Gral. Pico La Pampa'),(1371,12,'Guatraché','Guatraché La Pampa'),(1372,12,'Ing. Luiggi','Ing. Luiggi La Pampa'),(1373,12,'Intendente Alvear','Intendente Alvear La Pampa'),(1374,12,'Jacinto Arauz','Jacinto Arauz La Pampa'),(1375,12,'La Adela','La Adela La Pampa'),(1376,12,'La Humada','La Humada La Pampa'),(1377,12,'La Maruja','La Maruja La Pampa'),(1378,12,'12','12 La Pampa'),(1379,12,'La Reforma','La Reforma La Pampa'),(1380,12,'Limay Mahuida','Limay Mahuida La Pampa'),(1381,12,'Lonquimay','Lonquimay La Pampa'),(1382,12,'Loventuel','Loventuel La Pampa'),(1383,12,'Luan Toro','Luan Toro La Pampa'),(1384,12,'Macachín','Macachín La Pampa'),(1385,12,'Maisonnave','Maisonnave La Pampa'),(1386,12,'Mauricio Mayer','Mauricio Mayer La Pampa'),(1387,12,'Metileo','Metileo La Pampa'),(1388,12,'Miguel Cané','Miguel Cané La Pampa'),(1389,12,'Miguel Riglos','Miguel Riglos La Pampa'),(1390,12,'Monte Nievas','Monte Nievas La Pampa'),(1391,12,'Parera','Parera La Pampa'),(1392,12,'Perú','Perú La Pampa'),(1393,12,'Pichi-Huinca','Pichi-Huinca La Pampa'),(1394,12,'Puelches','Puelches La Pampa'),(1395,12,'Puelén','Puelén La Pampa'),(1396,12,'Quehue','Quehue La Pampa'),(1397,12,'Quemú Quemú','Quemú Quemú La Pampa'),(1398,12,'Quetrequén','Quetrequén La Pampa'),(1399,12,'Rancul','Rancul La Pampa'),(1400,12,'Realicó','Realicó La Pampa'),(1401,12,'Relmo','Relmo La Pampa'),(1402,12,'Rolón','Rolón La Pampa'),(1403,12,'Rucanelo','Rucanelo La Pampa'),(1404,12,'Sarah','Sarah La Pampa'),(1405,12,'Speluzzi','Speluzzi La Pampa'),(1406,12,'Sta. Isabel','Sta. Isabel La Pampa'),(1407,12,'Sta. Rosa','Sta. Rosa La Pampa'),(1408,12,'Sta. Teresa','Sta. Teresa La Pampa'),(1409,12,'Telén','Telén La Pampa'),(1410,12,'Toay','Toay La Pampa'),(1411,12,'Tomas M. de Anchorena','Tomas M. de Anchorena La Pampa'),(1412,12,'Trenel','Trenel La Pampa'),(1413,12,'Unanue','Unanue La Pampa'),(1414,12,'Uriburu','Uriburu La Pampa'),(1415,12,'Veinticinco de Mayo','Veinticinco de Mayo La Pampa'),(1416,12,'Vertiz','Vertiz La Pampa'),(1417,12,'Victorica','Victorica La Pampa'),(1418,12,'Villa Mirasol','Villa Mirasol La Pampa'),(1419,12,'Winifreda','Winifreda La Pampa'),(1420,13,'Arauco','Arauco La Rioja'),(1421,13,'Capital','Capital La Rioja'),(1422,13,'Castro Barros','Castro Barros La Rioja'),(1423,13,'Chamical','Chamical La Rioja'),(1424,13,'Chilecito','Chilecito La Rioja'),(1425,13,'Coronel F. Varela','Coronel F. Varela La Rioja'),(1426,13,'Famatina','Famatina La Rioja'),(1427,13,'Gral. A.V.Peñaloza','Gral. A.V.Peñaloza La Rioja'),(1428,13,'Gral. Belgrano','Gral. Belgrano La Rioja'),(1429,13,'Gral. J.F. Quiroga','Gral. J.F. Quiroga La Rioja'),(1430,13,'Gral. Lamadrid','Gral. Lamadrid La Rioja'),(1431,13,'Gral. Ocampo','Gral. Ocampo La Rioja'),(1432,13,'Gral. San Martín','Gral. San Martín La Rioja'),(1433,13,'Independencia','Independencia La Rioja'),(1434,13,'Rosario Penaloza','Rosario Penaloza La Rioja'),(1435,13,'San Blas de Los Sauces','San Blas de Los Sauces La Rioja'),(1436,13,'Sanagasta','Sanagasta La Rioja'),(1437,13,'Vinchina','Vinchina La Rioja'),(1438,14,'Capital','Capital Mendoza'),(1439,14,'Chacras de Coria','Chacras de Coria Mendoza'),(1440,14,'Dorrego','Dorrego Mendoza'),(1441,14,'Gllen','Gllen Mendoza'),(1442,14,'Godoy Cruz','Godoy Cruz Mendoza'),(1443,14,'Gral. Alvear','Gral. Alvear Mendoza'),(1444,14,'Guaymallén','Guaymallén Mendoza'),(1445,14,'Junín','Junín Mendoza'),(1446,14,'La Paz','La Paz Mendoza'),(1447,14,'Las Heras','Las Heras Mendoza'),(1448,14,'Lavalle','Lavalle Mendoza'),(1449,14,'Luján','Luján Mendoza'),(1450,14,'Luján De Cuyo','Luján De Cuyo Mendoza'),(1451,14,'Maipú','Maipú Mendoza'),(1452,14,'Malargüe','Malargüe Mendoza'),(1453,14,'Rivadavia','Rivadavia Mendoza'),(1454,14,'San Carlos','San Carlos Mendoza'),(1455,14,'San Martín','San Martín Mendoza'),(1456,14,'San Rafael','San Rafael Mendoza'),(1457,14,'Sta. Rosa','Sta. Rosa Mendoza'),(1458,14,'Tunuyán','Tunuyán Mendoza'),(1459,14,'Tupungato','Tupungato Mendoza'),(1460,14,'Villa Nueva','Villa Nueva Mendoza'),(1461,15,'Alba Posse','Alba Posse Misiones'),(1462,15,'Almafuerte','Almafuerte Misiones'),(1463,15,'Apóstoles','Apóstoles Misiones'),(1464,15,'Aristóbulo Del Valle','Aristóbulo Del Valle Misiones'),(1465,15,'Arroyo Del Medio','Arroyo Del Medio Misiones'),(1466,15,'Azara','Azara Misiones'),(1467,15,'Bdo. De Irigoyen','Bdo. De Irigoyen Misiones'),(1468,15,'Bonpland','Bonpland Misiones'),(1469,15,'Caá Yari','Caá Yari Misiones'),(1470,15,'Campo Grande','Campo Grande Misiones'),(1471,15,'Campo Ramón','Campo Ramón Misiones'),(1472,15,'Campo Viera','Campo Viera Misiones'),(1473,15,'Candelaria','Candelaria Misiones'),(1474,15,'Capioví','Capioví Misiones'),(1475,15,'Caraguatay','Caraguatay Misiones'),(1476,15,'Cdte. Guacurarí','Cdte. Guacurarí Misiones'),(1477,15,'Cerro Azul','Cerro Azul Misiones'),(1478,15,'Cerro Corá','Cerro Corá Misiones'),(1479,15,'Col. Alberdi','Col. Alberdi Misiones'),(1480,15,'Col. Aurora','Col. Aurora Misiones'),(1481,15,'Col. Delicia','Col. Delicia Misiones'),(1482,15,'Col. Polana','Col. Polana Misiones'),(1483,15,'Col. Victoria','Col. Victoria Misiones'),(1484,15,'Col. Wanda','Col. Wanda Misiones'),(1485,15,'Concepción De La Sierra','Concepción De La Sierra Misiones'),(1486,15,'Corpus','Corpus Misiones'),(1487,15,'Dos Arroyos','Dos Arroyos Misiones'),(1488,15,'Dos de Mayo','Dos de Mayo Misiones'),(1489,15,'El Alcázar','El Alcázar Misiones'),(1490,15,'El Dorado','El Dorado Misiones'),(1491,15,'El Soberbio','El Soberbio Misiones'),(1492,15,'Esperanza','Esperanza Misiones'),(1493,15,'F. Ameghino','F. Ameghino Misiones'),(1494,15,'Fachinal','Fachinal Misiones'),(1495,15,'Garuhapé','Garuhapé Misiones'),(1496,15,'Garupá','Garupá Misiones'),(1497,15,'Gdor. López','Gdor. López Misiones'),(1498,15,'Gdor. Roca','Gdor. Roca Misiones'),(1499,15,'Gral. Alvear','Gral. Alvear Misiones'),(1500,15,'Gral. Urquiza','Gral. Urquiza Misiones'),(1501,15,'Guaraní','Guaraní Misiones'),(1502,15,'H. Yrigoyen','H. Yrigoyen Misiones'),(1503,15,'Iguazú','Iguazú Misiones'),(1504,15,'Itacaruaré','Itacaruaré Misiones'),(1505,15,'Jardín América','Jardín América Misiones'),(1506,15,'Leandro N. Alem','Leandro N. Alem Misiones'),(1507,15,'Libertad','Libertad Misiones'),(1508,15,'Loreto','Loreto Misiones'),(1509,15,'Los Helechos','Los Helechos Misiones'),(1510,15,'Mártires','Mártires Misiones'),(1511,15,'15','15 Misiones'),(1512,15,'Mojón Grande','Mojón Grande Misiones'),(1513,15,'Montecarlo','Montecarlo Misiones'),(1514,15,'Nueve de Julio','Nueve de Julio Misiones'),(1515,15,'Oberá','Oberá Misiones'),(1516,15,'Olegario V. Andrade','Olegario V. Andrade Misiones'),(1517,15,'Panambí','Panambí Misiones'),(1518,15,'Posadas','Posadas Misiones'),(1519,15,'Profundidad','Profundidad Misiones'),(1520,15,'Pto. Iguazú','Pto. Iguazú Misiones'),(1521,15,'Pto. Leoni','Pto. Leoni Misiones'),(1522,15,'Pto. Piray','Pto. Piray Misiones'),(1523,15,'Pto. Rico','Pto. Rico Misiones'),(1524,15,'Ruiz de Montoya','Ruiz de Montoya Misiones'),(1525,15,'San Antonio','San Antonio Misiones'),(1526,15,'San Ignacio','San Ignacio Misiones'),(1527,15,'San Javier','San Javier Misiones'),(1528,15,'San José','San José Misiones'),(1529,15,'San Martín','San Martín Misiones'),(1530,15,'San Pedro','San Pedro Misiones'),(1531,15,'San Vicente','San Vicente Misiones'),(1532,15,'Santiago De Liniers','Santiago De Liniers Misiones'),(1533,15,'Santo Pipo','Santo Pipo Misiones'),(1534,15,'Sta. Ana','Sta. Ana Misiones'),(1535,15,'Sta. María','Sta. María Misiones'),(1536,15,'Tres Capones','Tres Capones Misiones'),(1537,15,'Veinticinco de Mayo','Veinticinco de Mayo Misiones'),(1538,15,'Wanda','Wanda Misiones'),(1539,16,'Aguada San Roque','Aguada San Roque Neuquén'),(1540,16,'Aluminé','Aluminé Neuquén'),(1541,16,'Andacollo','Andacollo Neuquén'),(1542,16,'Añelo','Añelo Neuquén'),(1543,16,'Bajada del Agrio','Bajada del Agrio Neuquén'),(1544,16,'Barrancas','Barrancas Neuquén'),(1545,16,'Buta Ranquil','Buta Ranquil Neuquén'),(1546,16,'Capital','Capital Neuquén'),(1547,16,'Caviahué','Caviahué Neuquén'),(1548,16,'Centenario','Centenario Neuquén'),(1549,16,'Chorriaca','Chorriaca Neuquén'),(1550,16,'Chos Malal','Chos Malal Neuquén'),(1551,16,'Cipolletti','Cipolletti Neuquén'),(1552,16,'Covunco Abajo','Covunco Abajo Neuquén'),(1553,16,'Coyuco Cochico','Coyuco Cochico Neuquén'),(1554,16,'Cutral Có','Cutral Có Neuquén'),(1555,16,'El Cholar','El Cholar Neuquén'),(1556,16,'El Huecú','El Huecú Neuquén'),(1557,16,'El Sauce','El Sauce Neuquén'),(1558,16,'Guañacos','Guañacos Neuquén'),(1559,16,'Huinganco','Huinganco Neuquén'),(1560,16,'Las Coloradas','Las Coloradas Neuquén'),(1561,16,'Las Lajas','Las Lajas Neuquén'),(1562,16,'Las Ovejas','Las Ovejas Neuquén'),(1563,16,'Loncopué','Loncopué Neuquén'),(1564,16,'Los Catutos','Los Catutos Neuquén'),(1565,16,'Los Chihuidos','Los Chihuidos Neuquén'),(1566,16,'Los Miches','Los Miches Neuquén'),(1567,16,'Manzano Amargo','Manzano Amargo Neuquén'),(1568,16,'16','16 Neuquén'),(1569,16,'Octavio Pico','Octavio Pico Neuquén'),(1570,16,'Paso Aguerre','Paso Aguerre Neuquén'),(1571,16,'Picún Leufú','Picún Leufú Neuquén'),(1572,16,'Piedra del Aguila','Piedra del Aguila Neuquén'),(1573,16,'Pilo Lil','Pilo Lil Neuquén'),(1574,16,'Plaza Huincul','Plaza Huincul Neuquén'),(1575,16,'Plottier','Plottier Neuquén'),(1576,16,'Quili Malal','Quili Malal Neuquén'),(1577,16,'Ramón Castro','Ramón Castro Neuquén'),(1578,16,'Rincón de Los Sauces','Rincón de Los Sauces Neuquén'),(1579,16,'San Martín de Los Andes','San Martín de Los Andes Neuquén'),(1580,16,'San Patricio del Chañar','San Patricio del Chañar Neuquén'),(1581,16,'Santo Tomás','Santo Tomás Neuquén'),(1582,16,'Sauzal Bonito','Sauzal Bonito Neuquén'),(1583,16,'Senillosa','Senillosa Neuquén'),(1584,16,'Taquimilán','Taquimilán Neuquén'),(1585,16,'Tricao Malal','Tricao Malal Neuquén'),(1586,16,'Varvarco','Varvarco Neuquén'),(1587,16,'Villa Curí Leuvu','Villa Curí Leuvu Neuquén'),(1588,16,'Villa del Nahueve','Villa del Nahueve Neuquén'),(1589,16,'Villa del Puente Picún Leuvú','Villa del Puente Picún Leuvú Neuquén'),(1590,16,'Villa El Chocón','Villa El Chocón Neuquén'),(1591,16,'Villa La Angostura','Villa La Angostura Neuquén'),(1592,16,'Villa Pehuenia','Villa Pehuenia Neuquén'),(1593,16,'Villa Traful','Villa Traful Neuquén'),(1594,16,'Vista Alegre','Vista Alegre Neuquén'),(1595,16,'Zapala','Zapala Neuquén'),(1596,17,'Aguada Cecilio','Aguada Cecilio Río Negro'),(1597,17,'Aguada de Guerra','Aguada de Guerra Río Negro'),(1598,17,'Allén','Allén Río Negro'),(1599,17,'Arroyo de La Ventana','Arroyo de La Ventana Río Negro'),(1600,17,'Arroyo Los Berros','Arroyo Los Berros Río Negro'),(1601,17,'Bariloche','Bariloche Río Negro'),(1602,17,'Calte. Cordero','Calte. Cordero Río Negro'),(1603,17,'Campo Grande','Campo Grande Río Negro'),(1604,17,'Catriel','Catriel Río Negro'),(1605,17,'Cerro Policía','Cerro Policía Río Negro'),(1606,17,'Cervantes','Cervantes Río Negro'),(1607,17,'Chelforo','Chelforo Río Negro'),(1608,17,'Chimpay','Chimpay Río Negro'),(1609,17,'Chinchinales','Chinchinales Río Negro'),(1610,17,'Chipauquil','Chipauquil Río Negro'),(1611,17,'Choele Choel','Choele Choel Río Negro'),(1612,17,'Cinco Saltos','Cinco Saltos Río Negro'),(1613,17,'Cipolletti','Cipolletti Río Negro'),(1614,17,'Clemente Onelli','Clemente Onelli Río Negro'),(1615,17,'Colán Conhue','Colán Conhue Río Negro'),(1616,17,'Comallo','Comallo Río Negro'),(1617,17,'Comicó','Comicó Río Negro'),(1618,17,'Cona Niyeu','Cona Niyeu Río Negro'),(1619,17,'Coronel Belisle','Coronel Belisle Río Negro'),(1620,17,'Cubanea','Cubanea Río Negro'),(1621,17,'Darwin','Darwin Río Negro'),(1622,17,'Dina Huapi','Dina Huapi Río Negro'),(1623,17,'El Bolsón','El Bolsón Río Negro'),(1624,17,'El Caín','El Caín Río Negro'),(1625,17,'El Manso','El Manso Río Negro'),(1626,17,'Gral. Conesa','Gral. Conesa Río Negro'),(1627,17,'Gral. Enrique Godoy','Gral. Enrique Godoy Río Negro'),(1628,17,'Gral. Fernandez Oro','Gral. Fernandez Oro Río Negro'),(1629,17,'Gral. Roca','Gral. Roca Río Negro'),(1630,17,'Guardia Mitre','Guardia Mitre Río Negro'),(1631,17,'Ing. Huergo','Ing. Huergo Río Negro'),(1632,17,'Ing. Jacobacci','Ing. Jacobacci Río Negro'),(1633,17,'Laguna Blanca','Laguna Blanca Río Negro'),(1634,17,'Lamarque','Lamarque Río Negro'),(1635,17,'Las Grutas','Las Grutas Río Negro'),(1636,17,'Los Menucos','Los Menucos Río Negro'),(1637,17,'Luis Beltrán','Luis Beltrán Río Negro'),(1638,17,'Mainqué','Mainqué Río Negro'),(1639,17,'Mamuel Choique','Mamuel Choique Río Negro'),(1640,17,'Maquinchao','Maquinchao Río Negro'),(1641,17,'Mencué','Mencué Río Negro'),(1642,17,'Mtro. Ramos Mexia','Mtro. Ramos Mexia Río Negro'),(1643,17,'Nahuel Niyeu','Nahuel Niyeu Río Negro'),(1644,17,'Naupa Huen','Naupa Huen Río Negro'),(1645,17,'Ñorquinco','Ñorquinco Río Negro'),(1646,17,'Ojos de Agua','Ojos de Agua Río Negro'),(1647,17,'Paso de Agua','Paso de Agua Río Negro'),(1648,17,'Paso Flores','Paso Flores Río Negro'),(1649,17,'Peñas Blancas','Peñas Blancas Río Negro'),(1650,17,'Pichi Mahuida','Pichi Mahuida Río Negro'),(1651,17,'Pilcaniyeu','Pilcaniyeu Río Negro'),(1652,17,'Pomona','Pomona Río Negro'),(1653,17,'Prahuaniyeu','Prahuaniyeu Río Negro'),(1654,17,'Rincón Treneta','Rincón Treneta Río Negro'),(1655,17,'Río Chico','Río Chico Río Negro'),(1656,17,'Río Colorado','Río Colorado Río Negro'),(1657,17,'Roca','Roca Río Negro'),(1658,17,'San Antonio Oeste','San Antonio Oeste Río Negro'),(1659,17,'San Javier','San Javier Río Negro'),(1660,17,'Sierra Colorada','Sierra Colorada Río Negro'),(1661,17,'Sierra Grande','Sierra Grande Río Negro'),(1662,17,'Sierra Pailemán','Sierra Pailemán Río Negro'),(1663,17,'Valcheta','Valcheta Río Negro'),(1664,17,'Valle Azul','Valle Azul Río Negro'),(1665,17,'Viedma','Viedma Río Negro'),(1666,17,'Villa Llanquín','Villa Llanquín Río Negro'),(1667,17,'Villa Mascardi','Villa Mascardi Río Negro'),(1668,17,'Villa Regina','Villa Regina Río Negro'),(1669,17,'Yaminué','Yaminué Río Negro'),(1670,18,'A. Saravia','A. Saravia Salta'),(1671,18,'Aguaray','Aguaray Salta'),(1672,18,'Angastaco','Angastaco Salta'),(1673,18,'Animaná','Animaná Salta'),(1674,18,'Cachi','Cachi Salta'),(1675,18,'Cafayate','Cafayate Salta'),(1676,18,'Campo Quijano','Campo Quijano Salta'),(1677,18,'Campo Santo','Campo Santo Salta'),(1678,18,'Capital','Capital Salta'),(1679,18,'Cerrillos','Cerrillos Salta'),(1680,18,'Chicoana','Chicoana Salta'),(1681,18,'Col. Sta. Rosa','Col. Sta. Rosa Salta'),(1682,18,'Coronel Moldes','Coronel Moldes Salta'),(1683,18,'El Bordo','El Bordo Salta'),(1684,18,'El Carril','El Carril Salta'),(1685,18,'El Galpón','El Galpón Salta'),(1686,18,'El Jardín','El Jardín Salta'),(1687,18,'El Potrero','El Potrero Salta'),(1688,18,'El Quebrachal','El Quebrachal Salta'),(1689,18,'El Tala','El Tala Salta'),(1690,18,'Embarcación','Embarcación Salta'),(1691,18,'Gral. Ballivian','Gral. Ballivian Salta'),(1692,18,'Gral. Güemes','Gral. Güemes Salta'),(1693,18,'Gral. Mosconi','Gral. Mosconi Salta'),(1694,18,'Gral. Pizarro','Gral. Pizarro Salta'),(1695,18,'Guachipas','Guachipas Salta'),(1696,18,'Hipólito Yrigoyen','Hipólito Yrigoyen Salta'),(1697,18,'Iruyá','Iruyá Salta'),(1698,18,'Isla De Cañas','Isla De Cañas Salta'),(1699,18,'J. V. Gonzalez','J. V. Gonzalez Salta'),(1700,18,'La Caldera','La Caldera Salta'),(1701,18,'La Candelaria','La Candelaria Salta'),(1702,18,'La Merced','La Merced Salta'),(1703,18,'La Poma','La Poma Salta'),(1704,18,'La Viña','La Viña Salta'),(1705,18,'Las Lajitas','Las Lajitas Salta'),(1706,18,'Los Toldos','Los Toldos Salta'),(1707,18,'Metán','Metán Salta'),(1708,18,'Molinos','Molinos Salta'),(1709,18,'Nazareno','Nazareno Salta'),(1710,18,'Orán','Orán Salta'),(1711,18,'Payogasta','Payogasta Salta'),(1712,18,'Pichanal','Pichanal Salta'),(1713,18,'Prof. S. Mazza','Prof. S. Mazza Salta'),(1714,18,'Río Piedras','Río Piedras Salta'),(1715,18,'Rivadavia Banda Norte','Rivadavia Banda Norte Salta'),(1716,18,'Rivadavia Banda Sur','Rivadavia Banda Sur Salta'),(1717,18,'Rosario de La Frontera','Rosario de La Frontera Salta'),(1718,18,'Rosario de Lerma','Rosario de Lerma Salta'),(1719,18,'Saclantás','Saclantás Salta'),(1720,18,'18','18 Salta'),(1721,18,'San Antonio','San Antonio Salta'),(1722,18,'San Carlos','San Carlos Salta'),(1723,18,'San José De Metán','San José De Metán Salta'),(1724,18,'San Ramón','San Ramón Salta'),(1725,18,'Santa Victoria E.','Santa Victoria E. Salta'),(1726,18,'Santa Victoria O.','Santa Victoria O. Salta'),(1727,18,'Tartagal','Tartagal Salta'),(1728,18,'Tolar Grande','Tolar Grande Salta'),(1729,18,'Urundel','Urundel Salta'),(1730,18,'Vaqueros','Vaqueros Salta'),(1731,18,'Villa San Lorenzo','Villa San Lorenzo Salta'),(1732,19,'Albardón','Albardón San Juan'),(1733,19,'Angaco','Angaco San Juan'),(1734,19,'Calingasta','Calingasta San Juan'),(1735,19,'Capital','Capital San Juan'),(1736,19,'Caucete','Caucete San Juan'),(1737,19,'Chimbas','Chimbas San Juan'),(1738,19,'Iglesia','Iglesia San Juan'),(1739,19,'Jachal','Jachal San Juan'),(1740,19,'Nueve de Julio','Nueve de Julio San Juan'),(1741,19,'Pocito','Pocito San Juan'),(1742,19,'Rawson','Rawson San Juan'),(1743,19,'Rivadavia','Rivadavia San Juan'),(1744,19,'19','19 San Juan'),(1745,19,'San Martín','San Martín San Juan'),(1746,19,'Santa Lucía','Santa Lucía San Juan'),(1747,19,'Sarmiento','Sarmiento San Juan'),(1748,19,'Ullum','Ullum San Juan'),(1749,19,'Valle Fértil','Valle Fértil San Juan'),(1750,19,'Veinticinco de Mayo','Veinticinco de Mayo San Juan'),(1751,19,'Zonda','Zonda San Juan'),(1752,20,'Alto Pelado','Alto Pelado San Luis'),(1753,20,'Alto Pencoso','Alto Pencoso San Luis'),(1754,20,'Anchorena','Anchorena San Luis'),(1755,20,'Arizona','Arizona San Luis'),(1756,20,'Bagual','Bagual San Luis'),(1757,20,'Balde','Balde San Luis'),(1758,20,'Batavia','Batavia San Luis'),(1759,20,'Beazley','Beazley San Luis'),(1760,20,'Buena Esperanza','Buena Esperanza San Luis'),(1761,20,'Candelaria','Candelaria San Luis'),(1762,20,'Capital','Capital San Luis'),(1763,20,'Carolina','Carolina San Luis'),(1764,20,'Carpintería','Carpintería San Luis'),(1765,20,'Concarán','Concarán San Luis'),(1766,20,'Cortaderas','Cortaderas San Luis'),(1767,20,'El Morro','El Morro San Luis'),(1768,20,'El Trapiche','El Trapiche San Luis'),(1769,20,'El Volcán','El Volcán San Luis'),(1770,20,'Fortín El Patria','Fortín El Patria San Luis'),(1771,20,'Fortuna','Fortuna San Luis'),(1772,20,'Fraga','Fraga San Luis'),(1773,20,'Juan Jorba','Juan Jorba San Luis'),(1774,20,'Juan Llerena','Juan Llerena San Luis'),(1775,20,'Juana Koslay','Juana Koslay San Luis'),(1776,20,'Justo Daract','Justo Daract San Luis'),(1777,20,'La Calera','La Calera San Luis'),(1778,20,'La Florida','La Florida San Luis'),(1779,20,'La Punilla','La Punilla San Luis'),(1780,20,'La Toma','La Toma San Luis'),(1781,20,'Lafinur','Lafinur San Luis'),(1782,20,'Las Aguadas','Las Aguadas San Luis'),(1783,20,'Las Chacras','Las Chacras San Luis'),(1784,20,'Las Lagunas','Las Lagunas San Luis'),(1785,20,'Las Vertientes','Las Vertientes San Luis'),(1786,20,'Lavaisse','Lavaisse San Luis'),(1787,20,'Leandro N. Alem','Leandro N. Alem San Luis'),(1788,20,'Los Molles','Los Molles San Luis'),(1789,20,'Luján','Luján San Luis'),(1790,20,'Mercedes','Mercedes San Luis'),(1791,20,'Merlo','Merlo San Luis'),(1792,20,'Naschel','Naschel San Luis'),(1793,20,'Navia','Navia San Luis'),(1794,20,'Nogolí','Nogolí San Luis'),(1795,20,'Nueva Galia','Nueva Galia San Luis'),(1796,20,'Papagayos','Papagayos San Luis'),(1797,20,'Paso Grande','Paso Grande San Luis'),(1798,20,'Potrero de Los Funes','Potrero de Los Funes San Luis'),(1799,20,'Quines','Quines San Luis'),(1800,20,'Renca','Renca San Luis'),(1801,20,'Saladillo','Saladillo San Luis'),(1802,20,'San Francisco','San Francisco San Luis'),(1803,20,'San Gerónimo','San Gerónimo San Luis'),(1804,20,'San Martín','San Martín San Luis'),(1805,20,'San Pablo','San Pablo San Luis'),(1806,20,'Santa Rosa de Conlara','Santa Rosa de Conlara San Luis'),(1807,20,'Talita','Talita San Luis'),(1808,20,'Tilisarao','Tilisarao San Luis'),(1809,20,'Unión','Unión San Luis'),(1810,20,'Villa de La Quebrada','Villa de La Quebrada San Luis'),(1811,20,'Villa de Praga','Villa de Praga San Luis'),(1812,20,'Villa del Carmen','Villa del Carmen San Luis'),(1813,20,'Villa Gral. Roca','Villa Gral. Roca San Luis'),(1814,20,'Villa Larca','Villa Larca San Luis'),(1815,20,'Villa Mercedes','Villa Mercedes San Luis'),(1816,20,'Zanjitas','Zanjitas San Luis'),(1817,21,'Calafate','Calafate Santa Cruz'),(1818,21,'Caleta Olivia','Caleta Olivia Santa Cruz'),(1819,21,'Cañadón Seco','Cañadón Seco Santa Cruz'),(1820,21,'Comandante Piedrabuena','Comandante Piedrabuena Santa Cruz'),(1821,21,'El Calafate','El Calafate Santa Cruz'),(1822,21,'El Chaltén','El Chaltén Santa Cruz'),(1823,21,'Gdor. Gregores','Gdor. Gregores Santa Cruz'),(1824,21,'Hipólito Yrigoyen','Hipólito Yrigoyen Santa Cruz'),(1825,21,'Jaramillo','Jaramillo Santa Cruz'),(1826,21,'Koluel Kaike','Koluel Kaike Santa Cruz'),(1827,21,'Las Heras','Las Heras Santa Cruz'),(1828,21,'Los Antiguos','Los Antiguos Santa Cruz'),(1829,21,'Perito Moreno','Perito Moreno Santa Cruz'),(1830,21,'Pico Truncado','Pico Truncado Santa Cruz'),(1831,21,'Pto. Deseado','Pto. Deseado Santa Cruz'),(1832,21,'Pto. San Julián','Pto. San Julián Santa Cruz'),(1833,21,'Pto. 21','Pto. 21 Santa Cruz'),(1834,21,'Río Cuarto','Río Cuarto Santa Cruz'),(1835,21,'Río Gallegos','Río Gallegos Santa Cruz'),(1836,21,'Río Turbio','Río Turbio Santa Cruz'),(1837,21,'Tres Lagos','Tres Lagos Santa Cruz'),(1838,21,'Veintiocho De Noviembre','Veintiocho De Noviembre Santa Cruz'),(1839,22,'Aarón Castellanos','Aarón Castellanos Santa Fe'),(1840,22,'Acebal','Acebal Santa Fe'),(1841,22,'Aguará Grande','Aguará Grande Santa Fe'),(1842,22,'Albarellos','Albarellos Santa Fe'),(1843,22,'Alcorta','Alcorta Santa Fe'),(1844,22,'Aldao','Aldao Santa Fe'),(1845,22,'Alejandra','Alejandra Santa Fe'),(1846,22,'Álvarez','Álvarez Santa Fe'),(1847,22,'Ambrosetti','Ambrosetti Santa Fe'),(1848,22,'Amenábar','Amenábar Santa Fe'),(1849,22,'Angélica','Angélica Santa Fe'),(1850,22,'Angeloni','Angeloni Santa Fe'),(1851,22,'Arequito','Arequito Santa Fe'),(1852,22,'Arminda','Arminda Santa Fe'),(1853,22,'Armstrong','Armstrong Santa Fe'),(1854,22,'Arocena','Arocena Santa Fe'),(1855,22,'Arroyo Aguiar','Arroyo Aguiar Santa Fe'),(1856,22,'Arroyo Ceibal','Arroyo Ceibal Santa Fe'),(1857,22,'Arroyo Leyes','Arroyo Leyes Santa Fe'),(1858,22,'Arroyo Seco','Arroyo Seco Santa Fe'),(1859,22,'Arrufó','Arrufó Santa Fe'),(1860,22,'Arteaga','Arteaga Santa Fe'),(1861,22,'Ataliva','Ataliva Santa Fe'),(1862,22,'Aurelia','Aurelia Santa Fe'),(1863,22,'Avellaneda','Avellaneda Santa Fe'),(1864,22,'Barrancas','Barrancas Santa Fe'),(1865,22,'Bauer Y Sigel','Bauer Y Sigel Santa Fe'),(1866,22,'Bella Italia','Bella Italia Santa Fe'),(1867,22,'Berabevú','Berabevú Santa Fe'),(1868,22,'Berna','Berna Santa Fe'),(1869,22,'Bernardo de Irigoyen','Bernardo de Irigoyen Santa Fe'),(1870,22,'Bigand','Bigand Santa Fe'),(1871,22,'Bombal','Bombal Santa Fe'),(1872,22,'Bouquet','Bouquet Santa Fe'),(1873,22,'Bustinza','Bustinza Santa Fe'),(1874,22,'Cabal','Cabal Santa Fe'),(1875,22,'Cacique Ariacaiquin','Cacique Ariacaiquin Santa Fe'),(1876,22,'Cafferata','Cafferata Santa Fe'),(1877,22,'Calchaquí','Calchaquí Santa Fe'),(1878,22,'Campo Andino','Campo Andino Santa Fe'),(1879,22,'Campo Piaggio','Campo Piaggio Santa Fe'),(1880,22,'Cañada de Gómez','Cañada de Gómez Santa Fe'),(1881,22,'Cañada del Ucle','Cañada del Ucle Santa Fe'),(1882,22,'Cañada Rica','Cañada Rica Santa Fe'),(1883,22,'Cañada Rosquín','Cañada Rosquín Santa Fe'),(1884,22,'Candioti','Candioti Santa Fe'),(1885,22,'Capital','Capital Santa Fe'),(1886,22,'Capitán Bermúdez','Capitán Bermúdez Santa Fe'),(1887,22,'Capivara','Capivara Santa Fe'),(1888,22,'Carcarañá','Carcarañá Santa Fe'),(1889,22,'Carlos Pellegrini','Carlos Pellegrini Santa Fe'),(1890,22,'Carmen','Carmen Santa Fe'),(1891,22,'Carmen Del Sauce','Carmen Del Sauce Santa Fe'),(1892,22,'Carreras','Carreras Santa Fe'),(1893,22,'Carrizales','Carrizales Santa Fe'),(1894,22,'Casalegno','Casalegno Santa Fe'),(1895,22,'Casas','Casas Santa Fe'),(1896,22,'Casilda','Casilda Santa Fe'),(1897,22,'Castelar','Castelar Santa Fe'),(1898,22,'Castellanos','Castellanos Santa Fe'),(1899,22,'Cayastá','Cayastá Santa Fe'),(1900,22,'Cayastacito','Cayastacito Santa Fe'),(1901,22,'Centeno','Centeno Santa Fe'),(1902,22,'Cepeda','Cepeda Santa Fe'),(1903,22,'Ceres','Ceres Santa Fe'),(1904,22,'Chabás','Chabás Santa Fe'),(1905,22,'Chañar Ladeado','Chañar Ladeado Santa Fe'),(1906,22,'Chapuy','Chapuy Santa Fe'),(1907,22,'Chovet','Chovet Santa Fe'),(1908,22,'Christophersen','Christophersen Santa Fe'),(1909,22,'Classon','Classon Santa Fe'),(1910,22,'Cnel. Arnold','Cnel. Arnold Santa Fe'),(1911,22,'Cnel. Bogado','Cnel. Bogado Santa Fe'),(1912,22,'Cnel. Dominguez','Cnel. Dominguez Santa Fe'),(1913,22,'Cnel. Fraga','Cnel. Fraga Santa Fe'),(1914,22,'Col. Aldao','Col. Aldao Santa Fe'),(1915,22,'Col. Ana','Col. Ana Santa Fe'),(1916,22,'Col. Belgrano','Col. Belgrano Santa Fe'),(1917,22,'Col. Bicha','Col. Bicha Santa Fe'),(1918,22,'Col. Bigand','Col. Bigand Santa Fe'),(1919,22,'Col. Bossi','Col. Bossi Santa Fe'),(1920,22,'Col. Cavour','Col. Cavour Santa Fe'),(1921,22,'Col. Cello','Col. Cello Santa Fe'),(1922,22,'Col. Dolores','Col. Dolores Santa Fe'),(1923,22,'Col. Dos Rosas','Col. Dos Rosas Santa Fe'),(1924,22,'Col. Durán','Col. Durán Santa Fe'),(1925,22,'Col. Iturraspe','Col. Iturraspe Santa Fe'),(1926,22,'Col. Margarita','Col. Margarita Santa Fe'),(1927,22,'Col. Mascias','Col. Mascias Santa Fe'),(1928,22,'Col. Raquel','Col. Raquel Santa Fe'),(1929,22,'Col. Rosa','Col. Rosa Santa Fe'),(1930,22,'Col. San José','Col. San José Santa Fe'),(1931,22,'Constanza','Constanza Santa Fe'),(1932,22,'Coronda','Coronda Santa Fe'),(1933,22,'Correa','Correa Santa Fe'),(1934,22,'Crispi','Crispi Santa Fe'),(1935,22,'Cululú','Cululú Santa Fe'),(1936,22,'Curupayti','Curupayti Santa Fe'),(1937,22,'Desvio Arijón','Desvio Arijón Santa Fe'),(1938,22,'Diaz','Diaz Santa Fe'),(1939,22,'Diego de Alvear','Diego de Alvear Santa Fe'),(1940,22,'Egusquiza','Egusquiza Santa Fe'),(1941,22,'El Arazá','El Arazá Santa Fe'),(1942,22,'El Rabón','El Rabón Santa Fe'),(1943,22,'El Sombrerito','El Sombrerito Santa Fe'),(1944,22,'El Trébol','El Trébol Santa Fe'),(1945,22,'Elisa','Elisa Santa Fe'),(1946,22,'Elortondo','Elortondo Santa Fe'),(1947,22,'Emilia','Emilia Santa Fe'),(1948,22,'Empalme San Carlos','Empalme San Carlos Santa Fe'),(1949,22,'Empalme Villa Constitucion','Empalme Villa Constitucion Santa Fe'),(1950,22,'Esmeralda','Esmeralda Santa Fe'),(1951,22,'Esperanza','Esperanza Santa Fe'),(1952,22,'Estación Alvear','Estación Alvear Santa Fe'),(1953,22,'Estacion Clucellas','Estacion Clucellas Santa Fe'),(1954,22,'Esteban Rams','Esteban Rams Santa Fe'),(1955,22,'Esther','Esther Santa Fe'),(1956,22,'Esustolia','Esustolia Santa Fe'),(1957,22,'Eusebia','Eusebia Santa Fe'),(1958,22,'Felicia','Felicia Santa Fe'),(1959,22,'Fidela','Fidela Santa Fe'),(1960,22,'Fighiera','Fighiera Santa Fe'),(1961,22,'Firmat','Firmat Santa Fe'),(1962,22,'Florencia','Florencia Santa Fe'),(1963,22,'Fortín Olmos','Fortín Olmos Santa Fe'),(1964,22,'Franck','Franck Santa Fe'),(1965,22,'Fray Luis Beltrán','Fray Luis Beltrán Santa Fe'),(1966,22,'Frontera','Frontera Santa Fe'),(1967,22,'Fuentes','Fuentes Santa Fe'),(1968,22,'Funes','Funes Santa Fe'),(1969,22,'Gaboto','Gaboto Santa Fe'),(1970,22,'Galisteo','Galisteo Santa Fe'),(1971,22,'Gálvez','Gálvez Santa Fe'),(1972,22,'Garabalto','Garabalto Santa Fe'),(1973,22,'Garibaldi','Garibaldi Santa Fe'),(1974,22,'Gato Colorado','Gato Colorado Santa Fe'),(1975,22,'Gdor. Crespo','Gdor. Crespo Santa Fe'),(1976,22,'Gessler','Gessler Santa Fe'),(1977,22,'Godoy','Godoy Santa Fe'),(1978,22,'Golondrina','Golondrina Santa Fe'),(1979,22,'Gral. Gelly','Gral. Gelly Santa Fe'),(1980,22,'Gral. Lagos','Gral. Lagos Santa Fe'),(1981,22,'Granadero Baigorria','Granadero Baigorria Santa Fe'),(1982,22,'Gregoria Perez De Denis','Gregoria Perez De Denis Santa Fe'),(1983,22,'Grutly','Grutly Santa Fe'),(1984,22,'Guadalupe N.','Guadalupe N. Santa Fe'),(1985,22,'Gödeken','Gödeken Santa Fe'),(1986,22,'Helvecia','Helvecia Santa Fe'),(1987,22,'Hersilia','Hersilia Santa Fe'),(1988,22,'Hipatía','Hipatía Santa Fe'),(1989,22,'Huanqueros','Huanqueros Santa Fe'),(1990,22,'Hugentobler','Hugentobler Santa Fe'),(1991,22,'Hughes','Hughes Santa Fe'),(1992,22,'Humberto 1º','Humberto 1º Santa Fe'),(1993,22,'Humboldt','Humboldt Santa Fe'),(1994,22,'Ibarlucea','Ibarlucea Santa Fe'),(1995,22,'Ing. Chanourdie','Ing. Chanourdie Santa Fe'),(1996,22,'Intiyaco','Intiyaco Santa Fe'),(1997,22,'Ituzaingó','Ituzaingó Santa Fe'),(1998,22,'Jacinto L. Aráuz','Jacinto L. Aráuz Santa Fe'),(1999,22,'Josefina','Josefina Santa Fe'),(2000,22,'Juan B. Molina','Juan B. Molina Santa Fe'),(2001,22,'Juan de Garay','Juan de Garay Santa Fe'),(2002,22,'Juncal','Juncal Santa Fe'),(2003,22,'La Brava','La Brava Santa Fe'),(2004,22,'La Cabral','La Cabral Santa Fe'),(2005,22,'La Camila','La Camila Santa Fe'),(2006,22,'La Chispa','La Chispa Santa Fe'),(2007,22,'La Clara','La Clara Santa Fe'),(2008,22,'La Criolla','La Criolla Santa Fe'),(2009,22,'La Gallareta','La Gallareta Santa Fe'),(2010,22,'La Lucila','La Lucila Santa Fe'),(2011,22,'La Pelada','La Pelada Santa Fe'),(2012,22,'La Penca','La Penca Santa Fe'),(2013,22,'La Rubia','La Rubia Santa Fe'),(2014,22,'La Sarita','La Sarita Santa Fe'),(2015,22,'La Vanguardia','La Vanguardia Santa Fe'),(2016,22,'Labordeboy','Labordeboy Santa Fe'),(2017,22,'Laguna Paiva','Laguna Paiva Santa Fe'),(2018,22,'Landeta','Landeta Santa Fe'),(2019,22,'Lanteri','Lanteri Santa Fe'),(2020,22,'Larrechea','Larrechea Santa Fe'),(2021,22,'Las Avispas','Las Avispas Santa Fe'),(2022,22,'Las Bandurrias','Las Bandurrias Santa Fe'),(2023,22,'Las Garzas','Las Garzas Santa Fe'),(2024,22,'Las Palmeras','Las Palmeras Santa Fe'),(2025,22,'Las Parejas','Las Parejas Santa Fe'),(2026,22,'Las Petacas','Las Petacas Santa Fe'),(2027,22,'Las Rosas','Las Rosas Santa Fe'),(2028,22,'Las Toscas','Las Toscas Santa Fe'),(2029,22,'Las Tunas','Las Tunas Santa Fe'),(2030,22,'Lazzarino','Lazzarino Santa Fe'),(2031,22,'Lehmann','Lehmann Santa Fe'),(2032,22,'Llambi Campbell','Llambi Campbell Santa Fe'),(2033,22,'Logroño','Logroño Santa Fe'),(2034,22,'Loma Alta','Loma Alta Santa Fe'),(2035,22,'López','López Santa Fe'),(2036,22,'Los Amores','Los Amores Santa Fe'),(2037,22,'Los Cardos','Los Cardos Santa Fe'),(2038,22,'Los Laureles','Los Laureles Santa Fe'),(2039,22,'Los Molinos','Los Molinos Santa Fe'),(2040,22,'Los Quirquinchos','Los Quirquinchos Santa Fe'),(2041,22,'Lucio V. Lopez','Lucio V. Lopez Santa Fe'),(2042,22,'Luis Palacios','Luis Palacios Santa Fe'),(2043,22,'Ma. Juana','Ma. Juana Santa Fe'),(2044,22,'Ma. Luisa','Ma. Luisa Santa Fe'),(2045,22,'Ma. Susana','Ma. Susana Santa Fe'),(2046,22,'Ma. Teresa','Ma. Teresa Santa Fe'),(2047,22,'Maciel','Maciel Santa Fe'),(2048,22,'Maggiolo','Maggiolo Santa Fe'),(2049,22,'Malabrigo','Malabrigo Santa Fe'),(2050,22,'Marcelino Escalada','Marcelino Escalada Santa Fe'),(2051,22,'Margarita','Margarita Santa Fe'),(2052,22,'Matilde','Matilde Santa Fe'),(2053,22,'Mauá','Mauá Santa Fe'),(2054,22,'Máximo Paz','Máximo Paz Santa Fe'),(2055,22,'Melincué','Melincué Santa Fe'),(2056,22,'Miguel Torres','Miguel Torres Santa Fe'),(2057,22,'Moisés Ville','Moisés Ville Santa Fe'),(2058,22,'Monigotes','Monigotes Santa Fe'),(2059,22,'Monje','Monje Santa Fe'),(2060,22,'Monte Obscuridad','Monte Obscuridad Santa Fe'),(2061,22,'Monte Vera','Monte Vera Santa Fe'),(2062,22,'Montefiore','Montefiore Santa Fe'),(2063,22,'Montes de Oca','Montes de Oca Santa Fe'),(2064,22,'Murphy','Murphy Santa Fe'),(2065,22,'Ñanducita','Ñanducita Santa Fe'),(2066,22,'Naré','Naré Santa Fe'),(2067,22,'Nelson','Nelson Santa Fe'),(2068,22,'Nicanor E. Molinas','Nicanor E. Molinas Santa Fe'),(2069,22,'Nuevo Torino','Nuevo Torino Santa Fe'),(2070,22,'Oliveros','Oliveros Santa Fe'),(2071,22,'Palacios','Palacios Santa Fe'),(2072,22,'Pavón','Pavón Santa Fe'),(2073,22,'Pavón Arriba','Pavón Arriba Santa Fe'),(2074,22,'Pedro Gómez Cello','Pedro Gómez Cello Santa Fe'),(2075,22,'Pérez','Pérez Santa Fe'),(2076,22,'Peyrano','Peyrano Santa Fe'),(2077,22,'Piamonte','Piamonte Santa Fe'),(2078,22,'Pilar','Pilar Santa Fe'),(2079,22,'Piñero','Piñero Santa Fe'),(2080,22,'Plaza Clucellas','Plaza Clucellas Santa Fe'),(2081,22,'Portugalete','Portugalete Santa Fe'),(2082,22,'Pozo Borrado','Pozo Borrado Santa Fe'),(2083,22,'Progreso','Progreso Santa Fe'),(2084,22,'Providencia','Providencia Santa Fe'),(2085,22,'Pte. Roca','Pte. Roca Santa Fe'),(2086,22,'Pueblo Andino','Pueblo Andino Santa Fe'),(2087,22,'Pueblo Esther','Pueblo Esther Santa Fe'),(2088,22,'Pueblo Gral. San Martín','Pueblo Gral. San Martín Santa Fe'),(2089,22,'Pueblo Irigoyen','Pueblo Irigoyen Santa Fe'),(2090,22,'Pueblo Marini','Pueblo Marini Santa Fe'),(2091,22,'Pueblo Muñoz','Pueblo Muñoz Santa Fe'),(2092,22,'Pueblo Uranga','Pueblo Uranga Santa Fe'),(2093,22,'Pujato','Pujato Santa Fe'),(2094,22,'Pujato N.','Pujato N. Santa Fe'),(2095,22,'Rafaela','Rafaela Santa Fe'),(2096,22,'Ramayón','Ramayón Santa Fe'),(2097,22,'Ramona','Ramona Santa Fe'),(2098,22,'Reconquista','Reconquista Santa Fe'),(2099,22,'Recreo','Recreo Santa Fe'),(2100,22,'Ricardone','Ricardone Santa Fe'),(2101,22,'Rivadavia','Rivadavia Santa Fe'),(2102,22,'Roldán','Roldán Santa Fe'),(2103,22,'Romang','Romang Santa Fe'),(2104,22,'Rosario','Rosario Santa Fe'),(2105,22,'Rueda','Rueda Santa Fe'),(2106,22,'Rufino','Rufino Santa Fe'),(2107,22,'Sa Pereira','Sa Pereira Santa Fe'),(2108,22,'Saguier','Saguier Santa Fe'),(2109,22,'Saladero M. Cabal','Saladero M. Cabal Santa Fe'),(2110,22,'Salto Grande','Salto Grande Santa Fe'),(2111,22,'San Agustín','San Agustín Santa Fe'),(2112,22,'San Antonio de Obligado','San Antonio de Obligado Santa Fe'),(2113,22,'San Bernardo (N.J.)','San Bernardo (N.J.) Santa Fe'),(2114,22,'San Bernardo (S.J.)','San Bernardo (S.J.) Santa Fe'),(2115,22,'San Carlos Centro','San Carlos Centro Santa Fe'),(2116,22,'San Carlos N.','San Carlos N. Santa Fe'),(2117,22,'San Carlos S.','San Carlos S. Santa Fe'),(2118,22,'San Cristóbal','San Cristóbal Santa Fe'),(2119,22,'San Eduardo','San Eduardo Santa Fe'),(2120,22,'San Eugenio','San Eugenio Santa Fe'),(2121,22,'San Fabián','San Fabián Santa Fe'),(2122,22,'San Fco. de Santa Fé','San Fco. de Santa Fé Santa Fe'),(2123,22,'San Genaro','San Genaro Santa Fe'),(2124,22,'San Genaro N.','San Genaro N. Santa Fe'),(2125,22,'San Gregorio','San Gregorio Santa Fe'),(2126,22,'San Guillermo','San Guillermo Santa Fe'),(2127,22,'San Javier','San Javier Santa Fe'),(2128,22,'San Jerónimo del Sauce','San Jerónimo del Sauce Santa Fe'),(2129,22,'San Jerónimo N.','San Jerónimo N. Santa Fe'),(2130,22,'San Jerónimo S.','San Jerónimo S. Santa Fe'),(2131,22,'San Jorge','San Jorge Santa Fe'),(2132,22,'San José de La Esquina','San José de La Esquina Santa Fe'),(2133,22,'San José del Rincón','San José del Rincón Santa Fe'),(2134,22,'San Justo','San Justo Santa Fe'),(2135,22,'San Lorenzo','San Lorenzo Santa Fe'),(2136,22,'San Mariano','San Mariano Santa Fe'),(2137,22,'San Martín de Las Escobas','San Martín de Las Escobas Santa Fe'),(2138,22,'San Martín N.','San Martín N. Santa Fe'),(2139,22,'San Vicente','San Vicente Santa Fe'),(2140,22,'Sancti Spititu','Sancti Spititu Santa Fe'),(2141,22,'Sanford','Sanford Santa Fe'),(2142,22,'Santo Domingo','Santo Domingo Santa Fe'),(2143,22,'Santo Tomé','Santo Tomé Santa Fe'),(2144,22,'Santurce','Santurce Santa Fe'),(2145,22,'Sargento Cabral','Sargento Cabral Santa Fe'),(2146,22,'Sarmiento','Sarmiento Santa Fe'),(2147,22,'Sastre','Sastre Santa Fe'),(2148,22,'Sauce Viejo','Sauce Viejo Santa Fe'),(2149,22,'Serodino','Serodino Santa Fe'),(2150,22,'Silva','Silva Santa Fe'),(2151,22,'Soldini','Soldini Santa Fe'),(2152,22,'Soledad','Soledad Santa Fe'),(2153,22,'Soutomayor','Soutomayor Santa Fe'),(2154,22,'Sta. Clara de Buena Vista','Sta. Clara de Buena Vista Santa Fe'),(2155,22,'Sta. Clara de Saguier','Sta. Clara de Saguier Santa Fe'),(2156,22,'Sta. Isabel','Sta. Isabel Santa Fe'),(2157,22,'Sta. Margarita','Sta. Margarita Santa Fe'),(2158,22,'Sta. Maria Centro','Sta. Maria Centro Santa Fe'),(2159,22,'Sta. María N.','Sta. María N. Santa Fe'),(2160,22,'Sta. Rosa','Sta. Rosa Santa Fe'),(2161,22,'Sta. Teresa','Sta. Teresa Santa Fe'),(2162,22,'Suardi','Suardi Santa Fe'),(2163,22,'Sunchales','Sunchales Santa Fe'),(2164,22,'Susana','Susana Santa Fe'),(2165,22,'Tacuarendí','Tacuarendí Santa Fe'),(2166,22,'Tacural','Tacural Santa Fe'),(2167,22,'Tartagal','Tartagal Santa Fe'),(2168,22,'Teodelina','Teodelina Santa Fe'),(2169,22,'Theobald','Theobald Santa Fe'),(2170,22,'Timbúes','Timbúes Santa Fe'),(2171,22,'Toba','Toba Santa Fe'),(2172,22,'Tortugas','Tortugas Santa Fe'),(2173,22,'Tostado','Tostado Santa Fe'),(2174,22,'Totoras','Totoras Santa Fe'),(2175,22,'Traill','Traill Santa Fe'),(2176,22,'Venado Tuerto','Venado Tuerto Santa Fe'),(2177,22,'Vera','Vera Santa Fe'),(2178,22,'Vera y Pintado','Vera y Pintado Santa Fe'),(2179,22,'Videla','Videla Santa Fe'),(2180,22,'Vila','Vila Santa Fe'),(2181,22,'Villa Amelia','Villa Amelia Santa Fe'),(2182,22,'Villa Ana','Villa Ana Santa Fe'),(2183,22,'Villa Cañas','Villa Cañas Santa Fe'),(2184,22,'Villa Constitución','Villa Constitución Santa Fe'),(2185,22,'Villa Eloísa','Villa Eloísa Santa Fe'),(2186,22,'Villa Gdor. Gálvez','Villa Gdor. Gálvez Santa Fe'),(2187,22,'Villa Guillermina','Villa Guillermina Santa Fe'),(2188,22,'Villa Minetti','Villa Minetti Santa Fe'),(2189,22,'Villa Mugueta','Villa Mugueta Santa Fe'),(2190,22,'Villa Ocampo','Villa Ocampo Santa Fe'),(2191,22,'Villa San José','Villa San José Santa Fe'),(2192,22,'Villa Saralegui','Villa Saralegui Santa Fe'),(2193,22,'Villa Trinidad','Villa Trinidad Santa Fe'),(2194,22,'Villada','Villada Santa Fe'),(2195,22,'Virginia','Virginia Santa Fe'),(2196,22,'Wheelwright','Wheelwright Santa Fe'),(2197,22,'Zavalla','Zavalla Santa Fe'),(2198,22,'Zenón Pereira','Zenón Pereira Santa Fe'),(2199,23,'Añatuya','Añatuya Santiago del Estero'),(2200,23,'Árraga','Árraga Santiago del Estero'),(2201,23,'Bandera','Bandera Santiago del Estero'),(2202,23,'Bandera Bajada','Bandera Bajada Santiago del Estero'),(2203,23,'Beltrán','Beltrán Santiago del Estero'),(2204,23,'Brea Pozo','Brea Pozo Santiago del Estero'),(2205,23,'Campo Gallo','Campo Gallo Santiago del Estero'),(2206,23,'Capital','Capital Santiago del Estero'),(2207,23,'Chilca Juliana','Chilca Juliana Santiago del Estero'),(2208,23,'Choya','Choya Santiago del Estero'),(2209,23,'Clodomira','Clodomira Santiago del Estero'),(2210,23,'Col. Alpina','Col. Alpina Santiago del Estero'),(2211,23,'Col. Dora','Col. Dora Santiago del Estero'),(2212,23,'Col. El Simbolar Robles','Col. El Simbolar Robles Santiago del Estero'),(2213,23,'El Bobadal','El Bobadal Santiago del Estero'),(2214,23,'El Charco','El Charco Santiago del Estero'),(2215,23,'El Mojón','El Mojón Santiago del Estero'),(2216,23,'Estación Atamisqui','Estación Atamisqui Santiago del Estero'),(2217,23,'Estación Simbolar','Estación Simbolar Santiago del Estero'),(2218,23,'Fernández','Fernández Santiago del Estero'),(2219,23,'Fortín Inca','Fortín Inca Santiago del Estero'),(2220,23,'Frías','Frías Santiago del Estero'),(2221,23,'Garza','Garza Santiago del Estero'),(2222,23,'Gramilla','Gramilla Santiago del Estero'),(2223,23,'Guardia Escolta','Guardia Escolta Santiago del Estero'),(2224,23,'Herrera','Herrera Santiago del Estero'),(2225,23,'Icaño','Icaño Santiago del Estero'),(2226,23,'Ing. Forres','Ing. Forres Santiago del Estero'),(2227,23,'La Banda','La Banda Santiago del Estero'),(2228,23,'La Cañada','La Cañada Santiago del Estero'),(2229,23,'Laprida','Laprida Santiago del Estero'),(2230,23,'Lavalle','Lavalle Santiago del Estero'),(2231,23,'Loreto','Loreto Santiago del Estero'),(2232,23,'Los Juríes','Los Juríes Santiago del Estero'),(2233,23,'Los Núñez','Los Núñez Santiago del Estero'),(2234,23,'Los Pirpintos','Los Pirpintos Santiago del Estero'),(2235,23,'Los Quiroga','Los Quiroga Santiago del Estero'),(2236,23,'Los Telares','Los Telares Santiago del Estero'),(2237,23,'Lugones','Lugones Santiago del Estero'),(2238,23,'Malbrán','Malbrán Santiago del Estero'),(2239,23,'Matara','Matara Santiago del Estero'),(2240,23,'Medellín','Medellín Santiago del Estero'),(2241,23,'Monte Quemado','Monte Quemado Santiago del Estero'),(2242,23,'Nueva Esperanza','Nueva Esperanza Santiago del Estero'),(2243,23,'Nueva Francia','Nueva Francia Santiago del Estero'),(2244,23,'Palo Negro','Palo Negro Santiago del Estero'),(2245,23,'Pampa de Los Guanacos','Pampa de Los Guanacos Santiago del Estero'),(2246,23,'Pinto','Pinto Santiago del Estero'),(2247,23,'Pozo Hondo','Pozo Hondo Santiago del Estero'),(2248,23,'Quimilí','Quimilí Santiago del Estero'),(2249,23,'Real Sayana','Real Sayana Santiago del Estero'),(2250,23,'Sachayoj','Sachayoj Santiago del Estero'),(2251,23,'San Pedro de Guasayán','San Pedro de Guasayán Santiago del Estero'),(2252,23,'Selva','Selva Santiago del Estero'),(2253,23,'Sol de Julio','Sol de Julio Santiago del Estero'),(2254,23,'Sumampa','Sumampa Santiago del Estero'),(2255,23,'Suncho Corral','Suncho Corral Santiago del Estero'),(2256,23,'Taboada','Taboada Santiago del Estero'),(2257,23,'Tapso','Tapso Santiago del Estero'),(2258,23,'Termas de Rio Hondo','Termas de Rio Hondo Santiago del Estero'),(2259,23,'Tintina','Tintina Santiago del Estero'),(2260,23,'Tomas Young','Tomas Young Santiago del Estero'),(2261,23,'Vilelas','Vilelas Santiago del Estero'),(2262,23,'Villa Atamisqui','Villa Atamisqui Santiago del Estero'),(2263,23,'Villa La Punta','Villa La Punta Santiago del Estero'),(2264,23,'Villa Ojo de Agua','Villa Ojo de Agua Santiago del Estero'),(2265,23,'Villa Río Hondo','Villa Río Hondo Santiago del Estero'),(2266,23,'Villa Salavina','Villa Salavina Santiago del Estero'),(2267,23,'Villa Unión','Villa Unión Santiago del Estero'),(2268,23,'Vilmer','Vilmer Santiago del Estero'),(2269,23,'Weisburd','Weisburd Santiago del Estero'),(2270,24,'Río Grande','Río Grande Tierra del Fuego'),(2271,24,'Tolhuin','Tolhuin Tierra del Fuego'),(2272,24,'Ushuaia','Ushuaia Tierra del Fuego'),(2273,25,'Acheral','Acheral Tucumán'),(2274,25,'Agua Dulce','Agua Dulce Tucumán'),(2275,25,'Aguilares','Aguilares Tucumán'),(2276,25,'Alderetes','Alderetes Tucumán'),(2277,25,'Alpachiri','Alpachiri Tucumán'),(2278,25,'Alto Verde','Alto Verde Tucumán'),(2279,25,'Amaicha del Valle','Amaicha del Valle Tucumán'),(2280,25,'Amberes','Amberes Tucumán'),(2281,25,'Ancajuli','Ancajuli Tucumán'),(2282,25,'Arcadia','Arcadia Tucumán'),(2283,25,'Atahona','Atahona Tucumán'),(2284,25,'Banda del Río Sali','Banda del Río Sali Tucumán'),(2285,25,'Bella Vista','Bella Vista Tucumán'),(2286,25,'Buena Vista','Buena Vista Tucumán'),(2287,25,'Burruyacú','Burruyacú Tucumán'),(2288,25,'Capitán Cáceres','Capitán Cáceres Tucumán'),(2289,25,'Cevil Redondo','Cevil Redondo Tucumán'),(2290,25,'Choromoro','Choromoro Tucumán'),(2291,25,'Ciudacita','Ciudacita Tucumán'),(2292,25,'Colalao del Valle','Colalao del Valle Tucumán'),(2293,25,'Colombres','Colombres Tucumán'),(2294,25,'Concepción','Concepción Tucumán'),(2295,25,'Delfín Gallo','Delfín Gallo Tucumán'),(2296,25,'El Bracho','El Bracho Tucumán'),(2297,25,'El Cadillal','El Cadillal Tucumán'),(2298,25,'El Cercado','El Cercado Tucumán'),(2299,25,'El Chañar','El Chañar Tucumán'),(2300,25,'El Manantial','El Manantial Tucumán'),(2301,25,'El Mojón','El Mojón Tucumán'),(2302,25,'El Mollar','El Mollar Tucumán'),(2303,25,'El Naranjito','El Naranjito Tucumán'),(2304,25,'El Naranjo','El Naranjo Tucumán'),(2305,25,'El Polear','El Polear Tucumán'),(2306,25,'El Puestito','El Puestito Tucumán'),(2307,25,'El Sacrificio','El Sacrificio Tucumán'),(2308,25,'El Timbó','El Timbó Tucumán'),(2309,25,'Escaba','Escaba Tucumán'),(2310,25,'Esquina','Esquina Tucumán'),(2311,25,'Estación Aráoz','Estación Aráoz Tucumán'),(2312,25,'Famaillá','Famaillá Tucumán'),(2313,25,'Gastone','Gastone Tucumán'),(2314,25,'Gdor. Garmendia','Gdor. Garmendia Tucumán'),(2315,25,'Gdor. Piedrabuena','Gdor. Piedrabuena Tucumán'),(2316,25,'Graneros','Graneros Tucumán'),(2317,25,'Huasa Pampa','Huasa Pampa Tucumán'),(2318,25,'J. B. Alberdi','J. B. Alberdi Tucumán'),(2319,25,'La Cocha','La Cocha Tucumán'),(2320,25,'La Esperanza','La Esperanza Tucumán'),(2321,25,'La Florida','La Florida Tucumán'),(2322,25,'La Ramada','La Ramada Tucumán'),(2323,25,'La Trinidad','La Trinidad Tucumán'),(2324,25,'Lamadrid','Lamadrid Tucumán'),(2325,25,'Las Cejas','Las Cejas Tucumán'),(2326,25,'Las Talas','Las Talas Tucumán'),(2327,25,'Las Talitas','Las Talitas Tucumán'),(2328,25,'Los Bulacio','Los Bulacio Tucumán'),(2329,25,'Los Gómez','Los Gómez Tucumán'),(2330,25,'Los Nogales','Los Nogales Tucumán'),(2331,25,'Los Pereyra','Los Pereyra Tucumán'),(2332,25,'Los Pérez','Los Pérez Tucumán'),(2333,25,'Los Puestos','Los Puestos Tucumán'),(2334,25,'Los Ralos','Los Ralos Tucumán'),(2335,25,'Los Sarmientos','Los Sarmientos Tucumán'),(2336,25,'Los Sosa','Los Sosa Tucumán'),(2337,25,'Lules','Lules Tucumán'),(2338,25,'M. García Fernández','M. García Fernández Tucumán'),(2339,25,'Manuela Pedraza','Manuela Pedraza Tucumán'),(2340,25,'Medinas','Medinas Tucumán'),(2341,25,'Monte Bello','Monte Bello Tucumán'),(2342,25,'Monteagudo','Monteagudo Tucumán'),(2343,25,'Monteros','Monteros Tucumán'),(2344,25,'Padre Monti','Padre Monti Tucumán'),(2345,25,'Pampa Mayo','Pampa Mayo Tucumán'),(2346,25,'Quilmes','Quilmes Tucumán'),(2347,25,'Raco','Raco Tucumán'),(2348,25,'Ranchillos','Ranchillos Tucumán'),(2349,25,'Río Chico','Río Chico Tucumán'),(2350,25,'Río Colorado','Río Colorado Tucumán'),(2351,25,'Río Seco','Río Seco Tucumán'),(2352,25,'Rumi Punco','Rumi Punco Tucumán'),(2353,25,'San Andrés','San Andrés Tucumán'),(2354,25,'San Felipe','San Felipe Tucumán'),(2355,25,'San Ignacio','San Ignacio Tucumán'),(2356,25,'San Javier','San Javier Tucumán'),(2357,25,'San José','San José Tucumán'),(2358,25,'San Miguel de 25','San Miguel de 25 Tucumán'),(2359,25,'San Pedro','San Pedro Tucumán'),(2360,25,'San Pedro de Colalao','San Pedro de Colalao Tucumán'),(2361,25,'Santa Rosa de Leales','Santa Rosa de Leales Tucumán'),(2362,25,'Sgto. Moya','Sgto. Moya Tucumán'),(2363,25,'Siete de Abril','Siete de Abril Tucumán'),(2364,25,'Simoca','Simoca Tucumán'),(2365,25,'Soldado Maldonado','Soldado Maldonado Tucumán'),(2366,25,'Sta. Ana','Sta. Ana Tucumán'),(2367,25,'Sta. Cruz','Sta. Cruz Tucumán'),(2368,25,'Sta. Lucía','Sta. Lucía Tucumán'),(2369,25,'Taco Ralo','Taco Ralo Tucumán'),(2370,25,'Tafí del Valle','Tafí del Valle Tucumán'),(2371,25,'Tafí Viejo','Tafí Viejo Tucumán'),(2372,25,'Tapia','Tapia Tucumán'),(2373,25,'Teniente Berdina','Teniente Berdina Tucumán'),(2374,25,'Trancas','Trancas Tucumán'),(2375,25,'Villa Belgrano','Villa Belgrano Tucumán'),(2376,25,'Villa Benjamín Araoz','Villa Benjamín Araoz Tucumán'),(2377,25,'Villa Chiligasta','Villa Chiligasta Tucumán'),(2378,25,'Villa de Leales','Villa de Leales Tucumán'),(2379,25,'Villa Quinteros','Villa Quinteros Tucumán'),(2380,25,'Yánima','Yánima Tucumán'),(2381,25,'Yerba Buena','Yerba Buena Tucumán'),(2382,25,'Yerba Buena (S)','Yerba Buena (S) Tucumán');

DROP TABLE IF EXISTS `perfil`;
CREATE TABLE `perfil` (
	`id`				INT(11) NOT NULL AUTO_INCREMENT COMMENT 'Identificador unico - (valor secuencial)',
	`codigo`			VARCHAR(50) COLLATE UTF8_UNICODE_CI NOT NULL COMMENT 'Perfil -- (debe ser unico en toda la columna)',
	primary key(`id`)
) ENGINE=InnoDB DEFAULT CHARSET=utf8 COLLATE=UTF8_UNICODE_CI COMMENT='Esta tabla para perfiles de usuarios';
INSERT INTO `perfil` VALUES (1,'Administrador General'),(2,'Administrador de Sucursal'),(3,'Docente'),(4,'Estudiante'),(5,'Estadisticas');

-- table sucursal
DROP TABLE IF EXISTS `sucursal`;
CREATE TABLE sucursal(
	`id`	 		INT(11) NOT NULL AUTO_INCREMENT COMMENT 'Identificador unico - (valor secuencial)',
	`id_localidad`	INT(11) NOT NULL,
	`id_tipo_num1`	INT(11)     DEFAULT NULL COMMENT 'Tipo de num. teléfonico',
	`id_tipo_num2`	INT(11)     DEFAULT NULL COMMENT 'Tipo de num. teléfonico',
	`numero1`		VARCHAR(20) DEFAULT NULL COMMENT 'num. teléfonico',
	`extension1`	VARCHAR(5)  DEFAULT NULL COMMENT 'num. extensión',
	`numero2`		VARCHAR(20) DEFAULT NULL COMMENT 'num. teléfonico',
	`extension2`	VARCHAR(5)  DEFAULT NULL COMMENT 'num. extensión',

	`nombre` 		VARCHAR(50) COLLATE UTF8_UNICODE_CI NOT NULL UNIQUE COMMENT 'Sucursal -- (debe ser unico en toda la columna)',
	`direccion`		text not null,
	`codigo_postal` VARCHAR(10) DEFAULT NULL 	COMMENT 'Cogido Postal',
	`email`			VARCHAR(50) DEFAULT NULL,
	`fecha_registro` DATE DEFAULT  NULL    	 	  COMMENT 'Fecha de registro',
	`fecha_edicion`	DATE DEFAULT  NULL    	 	  COMMENT 'Fecha de ultima actualización',
	`activo`		BOOLEAN NOT NULL DEFAULT TRUE COMMENT '¿Sucursal activa?',

	primary key(`id`),
	FOREIGN KEY (`id_localidad`) REFERENCES `localidad` (`id`),
	FOREIGN KEY (`id_tipo_num1`)  REFERENCES `tipo_numero_telefonico` (`id`),
	FOREIGN KEY (`id_tipo_num2`)  REFERENCES `tipo_numero_telefonico` (`id`)
) ENGINE=InnoDB DEFAULT CHARSET=utf8 COLLATE=UTF8_UNICODE_CI COMMENT='Esta tabla para sucursales / franquicias';

DROP TABLE IF EXISTS `usuario`;
CREATE TABLE `usuario`(
	`id` 		 			INT(11) NOT NULL      	    AUTO_INCREMENT,
	`id_perfil`				INT(11) NOT NULL      	    COMMENT 'Perfil de usuario',
	`id_nivel_instruccion`  INT(11) DEFAULT NULL        COMMENT 'Nivel de instrucción',
	`id_tipo_doc` 			INT(11) DEFAULT NULL	    COMMENT 'Documento Legal',
	`id_localidad`			INT(11) DEFAULT NULL	    COMMENT 'Localidad',
	`nro_documento` 		VARCHAR(20)  DEFAULT NULL 	COMMENT 'Documento Legal',

	`email`		 			VARCHAR(100) NOT NULL 	 	UNIQUE COMMENT 'Correo eléctronico',
	`password`	 			VARCHAR(255) NOT NULL 	 	COMMENT 'Contraseña de acceso',
	`auth_key`	 			VARCHAR(255) NOT NULL 		UNIQUE COMMENT 'Código privado de identidad',
	`token`	 	 			VARCHAR(255) NOT NULL 	 	UNIQUE COMMENT 'Código de acceso temporal',

	`imagen_personal`		VARCHAR(255) DEFAULT NULL 	COMMENT 'Imagen personal',
	`nombres`				VARCHAR(50)  NOT NULL 		COMMENT 'Nombres',
	`apellidos`				VARCHAR(50)  NOT NULL 		COMMENT 'Apellidos',
	`profesion`				VARCHAR(50)  DEFAULT NULL	COMMENT 'Profesión u ocupación',

	`codigo_postal` 		VARCHAR(10) DEFAULT NULL 	COMMENT 'Cogido Postal',
	`direccion`				TEXT  DEFAULT NULL			COMMENT 'Dirección',

	`telefono_celular`		VARCHAR(50)  DEFAULT NULL	COMMENT 'teléfono celular',
	`telefono_habitacion`   VARCHAR(50)  DEFAULT NULL	COMMENT 'teléfono de habitación',

	`facebook`				VARCHAR(50)  DEFAULT NULL 	COMMENT 'Facebook',
	`twitter`				VARCHAR(50)  DEFAULT NULL 	COMMENT 'Twitter',
	`instagram`				VARCHAR(50)  DEFAULT NULL 	COMMENT 'Instagram',

	`fecha_nacimiento`		DATE DEFAULT NULL 			COMMENT 'Fecha de nacimiento',
	`fecha_registro`		DATE DEFAULT  NULL    	 	COMMENT 'Fecha de registro',
	`fecha_edicion`			DATE DEFAULT  NULL    	 	COMMENT 'Fecha de ultima actualización',
	`requiere_cambio_pass`	BOOLEAN NOT NULL DEFAULT FALSE COMMENT '¿Forzar cambio de contraseña?',
	`activo`				BOOLEAN NOT NULL DEFAULT TRUE COMMENT '¿Usuario activo?',

	PRIMARY KEY(`id`),
	FOREIGN KEY (`id_perfil`)      REFERENCES `perfil` (`id`),
	FOREIGN KEY (`id_tipo_doc`)    REFERENCES `tipo_documento_identidad`  (`id`),
	FOREIGN KEY (`id_localidad`)   REFERENCES `localidad` (`id`)
) ENGINE=InnoDB DEFAULT CHARSET=utf8 COLLATE=UTF8_UNICODE_CI COMMENT='Esta tabla es para usuarios del sistema';

DROP TABLE IF EXISTS `usuario_contacto`;
CREATE TABLE `usuario_contacto`(
	`id` 		 			INT(11) 		NOT NULL      	AUTO_INCREMENT,
	`id_localidad`			INT(11) 		DEFAULT NULL	COMMENT 'Localidad',
	`nombres`				VARCHAR(50)  	DEFAULT NULL 	COMMENT 'Nombres',
	`apellidos`				VARCHAR(50)  	DEFAULT NULL 	COMMENT 'Apellidos',
	`relacion`				VARCHAR(50)  	DEFAULT NULL	COMMENT 'Profesión u ocupación',
	`codigo_postal` 		VARCHAR(10) 	DEFAULT NULL 	COMMENT 'Cogido Postal',
	`direccion`				TEXT  			DEFAULT NULL	COMMENT 'Dirección',
	`telefono_celular`		VARCHAR(50)  	DEFAULT NULL	COMMENT 'teléfono celular',
	`telefono_habitacion`   VARCHAR(50)  	DEFAULT NULL	COMMENT 'teléfono de habitación',
	`fecha_nacimiento`		DATE 			DEFAULT NULL 	COMMENT 'Fecha de nacimiento',

	PRIMARY KEY(`id`),
	FOREIGN KEY (`id`)				REFERENCES `usuario`	(`id`),
	FOREIGN KEY (`id_localidad`)	REFERENCES `localidad` 	(`id`)
) ENGINE=InnoDB DEFAULT CHARSET=utf8 COLLATE=UTF8_UNICODE_CI COMMENT='Esta tabla es para usuarios contacto del sistema';

DROP TABLE IF EXISTS `usuario_sucursal`;
CREATE TABLE `usuario_sucursal`(
	`id` 		  INT(11) NOT NULL      	 AUTO_INCREMENT,
	`id_usuario`  INT(11) NOT NULL COMMENT ' pointer to usuario',
	`id_sucursal` INT(11) NOT NULL COMMENT ' pointer to Sucursal',

	PRIMARY KEY(`id`),
	FOREIGN KEY (`id_usuario`)  REFERENCES `usuario`  (`id`),
	FOREIGN KEY (`id_sucursal`) REFERENCES `sucursal` (`id`),
	UNIQUE KEY (`id_usuario`, `id_sucursal`)
)ENGINE=InnoDB DEFAULT CHARSET=utf8 COLLATE=UTF8_UNICODE_CI COMMENT='tabla para unir usuarios con sucursales';

DROP TABLE IF EXISTS `curso`;
CREATE TABLE `curso`(
	`id` 		 			INT(11) NOT NULL 				AUTO_INCREMENT,
	`foto_promocional`		VARCHAR(255) DEFAULT NULL      	COMMENT 'Foto promocional',
	`nombre`				VARCHAR(255) NOT NULL  			UNIQUE COMMENT 'Nombre' ,
	`cantidad_meses`		INT(2) NOT NULL 				COMMENT 'Cantidad de meses',
	`cantidad_clases`		INT(2) NOT NULL 				COMMENT 'Cantidad de clases',
	`precio_cuota`			numeric(10,2) NOT NULL 			COMMENT 'Precio de cuotas',
	`precio_matricula`		numeric(10,2) DEFAULT NULL 		COMMENT 'Precio de matricula',
	`is_tmp`				BOOLEAN NOT NULL DEFAULT TRUE 	COMMENT 'registro temporal',
	`fecha_registro`		DATE DEFAULT  NULL    	 		COMMENT 'Fecha de registro',
	`fecha_edicion`			DATE DEFAULT  NULL    	 		COMMENT 'Fecha de ultima actualización',
	`activo`				BOOLEAN NOT NULL DEFAULT FALSE 	COMMENT '¿Curso activo?',

	PRIMARY KEY(`id`)
) ENGINE=InnoDB DEFAULT CHARSET=utf8 COLLATE=UTF8_UNICODE_CI COMMENT='Esta tabla es para cursos sistema';

DROP TABLE IF EXISTS `curso_programacion`;
CREATE TABLE `curso_programacion`(
	`id` 		 				 INT(11) NOT NULL            AUTO_INCREMENT,
	`id_curso`					 INT(11) NOT NULL  			 COMMENT 'Curso',
	`titulo`			 		 VARCHAR(50) NOT NULL  		 COMMENT 'Titulo de objetivo',
	`descripcion`				 TEXT 		 NOT NULL       COMMENT 'Descripción',
	`nro_dias`					 INT(3) unsigned default NULL,
	PRIMARY KEY(`id`),
	FOREIGN KEY (`id_curso`)     REFERENCES `curso` (`id`)
) ENGINE=InnoDB DEFAULT CHARSET=utf8 COLLATE=UTF8_UNICODE_CI COMMENT='Esta tabla es parte de la identidad curso : programacion';

DROP TABLE IF EXISTS `curso_contenido`;
CREATE TABLE `curso_contenido`(
	`id` 		 				 INT(11) NOT NULL 			AUTO_INCREMENT,
	`id_curso`					 INT(11) NOT NULL  			COMMENT 'Curso',
	`id_tipo_contenido`			 INT(11) NOT NULL  			COMMENT 'Tipo de contenido',
	`archivo`					 VARCHAR(255) NOT NULL      UNIQUE COMMENT 'Archivo',
	`nombre`					 VARCHAR(255) NOT NULL,

	PRIMARY KEY(`id`),
	FOREIGN KEY (`id_curso`)     		 REFERENCES `curso` (`id`),
	FOREIGN KEY (`id_tipo_contenido`)    REFERENCES `tipo_curso_contenido`  (`id`)
) ENGINE=InnoDB DEFAULT CHARSET=utf8 COLLATE=UTF8_UNICODE_CI COMMENT='Esta tabla es para cursos sistema';

DROP TABLE IF EXISTS `curso_sucursal`;
CREATE TABLE `curso_sucursal`(
	`id` 		  INT(11) NOT NULL      	 AUTO_INCREMENT,
	`id_curso`    INT(11) NOT NULL COMMENT ' pointer to curso',
	`id_sucursal` INT(11) NOT NULL COMMENT ' pointer to Sucursal',

	PRIMARY KEY(`id`),
	FOREIGN KEY (`id_curso`)  REFERENCES   `curso`    (`id`),
	FOREIGN KEY (`id_sucursal`) REFERENCES `sucursal` (`id`),
	UNIQUE KEY (`id_curso`, `id_sucursal`)
)ENGINE=InnoDB DEFAULT CHARSET=utf8 COLLATE=UTF8_UNICODE_CI COMMENT='tabla para unir cursos con sucursales';


DROP TABLE IF EXISTS `cursada`;
CREATE TABLE `cursada`(
	`id`					  INT(11) 	      NOT NULL AUTO_INCREMENT,
	`id_curso_sucursal`		  INT(11) 	      NOT NULL,
	`periodo`				  VARCHAR(50)     NOT NULL 		      COMMENT 'Período electivo',
	`seccion`				  VARCHAR(50)     NOT NULL 		      COMMENT 'Sección',
	`horario`			  	  TEXT            NULL 			      COMMENT 'Horario',
	`cantidad_meses`		  INT(2)          NOT NULL 		      COMMENT 'Cantidad de meses',
	`cantidad_clases`		  INT(2)          NOT NULL 		      COMMENT 'Cantidad de clases',
	`precio_cuota` 			  decimal(10,2)   NOT NULL 		      COMMENT 'Precio de cuotas',
	`precio_matricula` 		  decimal(10,2)   NOT NULL 		      COMMENT 'Precio de matricula',
	`nro_cupos` 			  INT(3)          NOT NULL 		      COMMENT 'cupos totales',
	`nro_disponibles` 		  INT(3)          DEFAULT NULL        COMMENT 'disponibles totales',
	`examen`				  VARCHAR(255)    DEFAULT NULL        COMMENT 'Archivo',
	`fecha_inicio` 			   DATE            NOT NULL           COMMENT 'Fecha de inicio',
	`fecha_inicio_evaluacion`  DATE            NOT NULL           COMMENT 'Fecha de evaluacion',
	`fecha_fin_evaluacion`	   DATE            NOT NULL           COMMENT 'Fecha maxima para entrega de evaluación',
	`fecha_fin` 			   DATE            NOT NULL           COMMENT 'Fecha de finalización',
	`status`				   INT(1)          NOT NULL DEFAULT 0 COMMENT '0 no inciada | 1 inciada (en curso) | 2 finalizada | 3 cancelada',

	PRIMARY KEY (`id`),
	FOREIGN KEY (`id_curso_sucursal`) REFERENCES `curso_sucursal` (`id`),
	UNIQUE KEY  (`id_curso_sucursal`, `periodo`,  `seccion`)
)ENGINE=InnoDB DEFAULT CHARSET=utf8 COLLATE=UTF8_UNICODE_CI COMMENT='tabla para cursada de un curso';

DROP TABLE IF EXISTS `cursada_docente`;
CREATE TABLE `cursada_docente`(
	`id`					INT(11) 	  NOT NULL AUTO_INCREMENT,
	`id_cursada`			INT(11) 	  NOT NULL COMMENT 'Cursada',
	`id_docente`			INT(11) 	  NOT NULL COMMENT 'Docente',

	PRIMARY KEY (`id`),
	FOREIGN KEY (`id_cursada`)    	REFERENCES `cursada` (`id`),
	FOREIGN KEY (`id_docente`) 		REFERENCES `usuario` (`id`),
	UNIQUE KEY  (`id_cursada`, `id_docente`)
)ENGINE=InnoDB DEFAULT CHARSET=utf8 COLLATE=UTF8_UNICODE_CI COMMENT='tabla para cursada por docente';

DROP TABLE IF EXISTS `cursada_estudiante`;
CREATE TABLE `cursada_estudiante`(
	`id`					INT(11) 	  NOT NULL AUTO_INCREMENT,
	`id_cursada`			INT(11) 	  NOT NULL COMMENT 'Cursada',
	`id_estudiante`			INT(11) 	  NOT NULL COMMENT 'Estudiante',

	PRIMARY KEY (`id`),
	FOREIGN KEY (`id_cursada`)    REFERENCES `cursada` (`id`),
	FOREIGN KEY (`id_estudiante`) REFERENCES `usuario` (`id`),
	UNIQUE KEY  (`id_cursada`, `id_estudiante`)
)ENGINE=InnoDB DEFAULT CHARSET=utf8 COLLATE=UTF8_UNICODE_CI COMMENT='tabla para cursada por estudiante';

DROP TABLE IF EXISTS `cursada_calificacion`;
CREATE TABLE  `cursada_calificacion`(
	`id`  						INT(11) 	  NOT NULL AUTO_INCREMENT,
	`id_cursada`  				INT(11) 	  NOT NULL,
	`id_docente`				INT(11) 	  DEFAULT NULL  COMMENT 'Docente  que hizo la evaluacion',
	`nombres_docente`			VARCHAR(255)  DEFAULT NULL  COMMENT 'Docente  que hizo la evaluacion -- solo cuando elimino un registro del tipo docente',
	`id_estudiante`				INT(11) 	  NOT NULL 		COMMENT 'Estudiante evaluado',
	`archivo`					varchar(255)  DEFAULT NULL 	COMMENT 'Archivo subido por el estudiante',
	`fecha_subida`				DATE DEFAULT NULL,
	`aprobado`					boolean not null default false,
	`status`					INT(1) not null default 0   COMMENT  '0 no evaludado | 1 evaludado',

	PRIMARY KEY(`id`),
	FOREIGN KEY(`id_cursada`)  		     REFERENCES   `cursada`    	        	(`id`),
	FOREIGN KEY(`id_docente`) 			 REFERENCES   `usuario`     			(`id`),
	FOREIGN KEY(`id_estudiante`)		 REFERENCES   `usuario`     			(`id`),
	UNIQUE KEY (`id_cursada`, `id_estudiante`)
)ENGINE=InnoDB DEFAULT CHARSET=utf8 COLLATE=UTF8_UNICODE_CI COMMENT='tabla para calificacion de evaluacion de una cursada';

DROP TABLE IF EXISTS `cursada_pago`;
CREATE TABLE cursada_pago(
	`id`						INT(11) 	  NOT NULL AUTO_INCREMENT,
	`id_cursada`				INT(11) 	  NOT NULL,
	`id_estudiante`				INT(11) 	  DEFAULT NULL,
	`datos_estudiantes`			JSON 		  DEFAULT NULL comment 'datos basicos de un estudiante -- solo cuando se elimina el registro estudiante ',
	`tipo_pago`					CHAR(2)       DEFAULT 'MC' comment 'MC:MAtricula + primera cuota, C: cuota',
	`nro_pago`					INT(3)		  NOT NULL,
	`info`						varchar(255)  DEFAULT NULL comment 'Información  adicional del pago',
	`motivo_cobro`				VARCHAR(50)   DEFAULT NULL,
	`subtotal`					numeric(16,2) NOT NULL,
	`fecha_cobro`				date 		  DEFAULT NULL,
	`fecha_pago`				date 		  DEFAULT NULL,
	`status`					boolean       NOT NULL default 0 comment '0 no pagado | 1 pagado | 2 devolucion | 3 cancelacion',
	PRIMARY KEY(`id`),
	FOREIGN KEY(`id_cursada`)   		 REFERENCES   `cursada`  			(`id`),
	FOREIGN KEY(`id_estudiante`)   		 REFERENCES   `usuario`    			(`id`),
	UNIQUE KEY (`id_cursada`, `id_estudiante`, `nro_pago`)
)ENGINE=InnoDB DEFAULT CHARSET=utf8 COLLATE=UTF8_UNICODE_CI COMMENT='tabla para pagos de una cursada';

DROP TABLE IF EXISTS `cursada_horario`;
create table cursada_horario(
	id_cursada     INT(11) NOT NULL,
	d1_desde	   time default null COMMENT 'Inicio',
	d1_hasta	   time default null COMMENT 'Fin',
	d1_aula		   varchar(20) default null COMMENT 'Aula (opcional)',

	d2_desde	   time default null COMMENT 'Inicio',
	d2_hasta	   time default null COMMENT 'Fin',
	d2_aula		   varchar(20) default null COMMENT 'Aula (opcional)',

	d3_desde	    time default null COMMENT 'Inicio',
	d3_hasta	    time default null COMMENT 'Fin',
	d3_aula		    varchar(20) default null COMMENT 'Aula (opcional)',

	d4_desde	     time default null COMMENT 'Inicio',
	d4_hasta	     time default null COMMENT 'Fin',
	d4_aula		     varchar(20) default null COMMENT 'Aula (opcional)',

	d5_desde	     time default null COMMENT 'Inicio',
	d5_hasta	     time default null COMMENT 'Fin',
	d5_aula		     varchar(20) default null COMMENT 'Aula (opcional)',

	d6_desde	     time default null COMMENT 'Inicio',
	d6_hasta	     time default null COMMENT 'Fin',
	d6_aula		     varchar(20) default null COMMENT 'Aula (opcional)',

	d7_desde	     time default null COMMENT 'Inicio',
	d7_hasta	     time default null COMMENT 'Fin',
	d7_aula		     varchar(20) default null COMMENT 'Aula (opcional)',
	fechas_excluidas text default null,
	primary key(`id_cursada`),
	FOREIGN KEY (`id_cursada`) REFERENCES `cursada` (`id`)
);


DROP TABLE IF EXISTS `cursada_graduado`;
CREATE TABLE `cursada_graduado` (
	`id`			  	INT(11) NOT NULL AUTO_INCREMENT,
	`id_cursada`	  	INT(11) NOT NULL,
	`id_estudiante`   	INT(11) NOT NULL,

	PRIMARY KEY(`id`),
	FOREIGN KEY(`id_cursada`)    REFERENCES `cursada` (`id`),
	FOREIGN KEY(`id_estudiante`) REFERENCES `usuario` (`id`),
	UNIQUE KEY (`id_cursada`, `id_estudiante`),
	INDEX(`id`),
	INDEX(`id_estudiante`)
) ENGINE=InnoDB DEFAULT CHARSET=utf8 COLLATE=UTF8_UNICODE_CI COMMENT='tabla de estudiantes graduado a un curso';

DROP TABLE IF EXISTS `cursada_chat_participante`;
CREATE TABLE `cursada_chat_participante`(
	`id` 				INT(11) NOT NULL AUTO_INCREMENT,
	`id_cursada`		INT(11) NOT NULL,
	`id_usuario`		INT(11) DEFAULT NULL,
	`nombres`			varchar(50) DEFAULT NULL COMMENT 'nombre de participante - registro nulo hasta que se elimine un usuario',
	`tipo_usuario`  	INT(1) NOT NULL comment 'Docente | estudiante',
	`usuario_baneado`	BOOLEAN not null default false,
	`status`			INT(1)          NOT NULL DEFAULT 0 COMMENT '0 no iniciado | 1 activo (en curso) | 2 finalizado (solo de lectura)',
	PRIMARY KEY(`id`),
	FOREIGN KEY(`id_cursada`) REFERENCES `cursada` (`id`),
	FOREIGN KEY(`id_usuario`) REFERENCES `usuario` (`id`)
) ENGINE=InnoDB DEFAULT CHARSET=utf8 COLLATE=UTF8_UNICODE_CI COMMENT='tabla de cursada sala chat';

DROP TABLE IF EXISTS `cursada_chat_mensaje`;
CREATE TABLE `cursada_chat_mensaje`(
	`id`			 			INT(11) NOT NULL,
	`id_cursada` 	 			INT(11) NOT NULL,
	`id_usuario_envia` 			INT(11) DEFAULT NULL,
	`id_usuario_destino`		INT(11) DEFAULT NULL 	 COMMENT 'usuario recibe, si es nulo  y nombre_usuario_destino es nulo entonces es un mensaje publico',
	`nombre_usuario_envia`	 	VARCHAR(50) DEFAULT NULL COMMENT 'nombre de participante - registro nulo hasta que se elimine un usuario',
	`nombre_usuario_destino`	VARCHAR(50) DEFAULT NULL COMMENT 'nombre de participante - registro nulo hasta que se elimine un usuario',
	`tipo_mensaje`  			CHAR(1) default 'T' 	 COMMENT 'T : text; para futuro A : audio, V = video ; F archivo : I Imagen',
	`mensaje`		 			TEXT default null,
	`leido`						BOOLEAN not null default false,
	`fecha_envio`	 			DATE default null,
	`hora_envio`	 			DATE default null,

	PRIMARY KEY(`id`),
	FOREIGN KEY(`id_cursada`)           REFERENCES `cursada` (`id`),
	FOREIGN KEY(`id_usuario_envia`)     REFERENCES `usuario` (`id`),
	FOREIGN KEY(`id_usuario_destino`)   REFERENCES `usuario` (`id`)
) ENGINE=InnoDB DEFAULT CHARSET=utf8 COLLATE=UTF8_UNICODE_CI COMMENT='tabla de cursada chat mensaje';

DROP TABLE IF EXISTS `cursada_encusta`;
CREATE TABLE `cursada_encusta`(
	`id`					INT(11) 	    NOT NULL AUTO_INCREMENT,
	`id_cursada`			INT(11) 	    NOT NULL,
	`id_estudiante`			INT(11)			NOT NULL,
	`nivel_formacion` 		INT(1) 			DEFAULT NULL COMMENT 'Nivel de formacion',
	`desempeno_docente` 	INT(1) 			DEFAULT NULL COMMENT 'Desempeno docente',
	`clima_clase` 			INT(1) 			DEFAULT NULL COMMENT 'Clima de la clase',
	`instalaciones` 		INT(1) 			DEFAULT NULL COMMENT 'Instalciones',
	`comentario` 			TEXT 			DEFAULT NULL COMMENT 'Comentario',
	PRIMARY KEY (`id`),
	FOREIGN KEY (`id_cursada`)     			REFERENCES `cursada` 		(`id`),
	FOREIGN KEY (`id_estudiante`)  			REFERENCES `id_estudiante` 	(`id`),
	UNIQUE KEY(`id_cursada`, `id_estudiante`)
)ENGINE=InnoDB DEFAULT CHARSET=utf8 COLLATE=UTF8_UNICODE_CI COMMENT='tabla para cursada de un curso';

DROP TABLE IF EXISTS `sucursal_estadistica`;
CREATE TABLE `sucursal_estadistica`(
	`id` 									INT(11) NOT NULL AUTO_INCREMENT,
	`id_sucursal`							INT(11) NOT NULL,
	`nro_admin_totales`  					INT(11) NOT NULL default 0,
	`nro_admin_activos`  					INT(11) NOT NULL default 0,
	`nro_admin_inactivos` 					INT(11) NOT NULL default 0,

	`nro_docentes_totales`  				INT(11) NOT NULL default 0,
	`nro_docentes_activos` 					INT(11) NOT NULL default 0,
	`nro_docentes_inactivos` 				INT(11) NOT NULL default 0,

	`nro_estudiantes_totales`  				INT(11) NOT NULL default 0,
	`nro_estudiantes_activos`  				INT(11) NOT NULL default 0,
	`nro_estudiantes_inactivos` 			INT(11) NOT NULL default 0,
	`nro_estudiantes_nuevo_ingreso`			INT(11) NOT NULL default 0,
	`nro_estudiantes_preinscripcion`		INT(11) NOT NULL default 0,
	`nro_estudiantes_sincurso`				INT(11) NOT NULL default 0,

	`nro_estudiantes_pagos_al_dia`  		INT(11) NOT NULL default 0,
	`nro_estudiantes_pagos_moroso`  		INT(11) NOT NULL default 0,
	`nro_estudiantes_cursada_cancelacion`  	INT(11) NOT NULL default 0,
	`nro_estudiantes_graduado`  			INT(11) NOT NULL default 0,

	`nro_cursos_activos`					INT(11) NOT NULL default 0,
	`nro_cursos_inactivos`					INT(11) NOT NULL default 0,
	`nro_cursos_sinsucursal`				INT(11) NOT NULL default 0,
	`nro_nuevo_curso`						INT(11) NOT NULL default 0,

	`nro_cursadas_sininiciar`				INT(11) NOT NULL default 0,
	`nro_cursadas_activas`					INT(11) NOT NULL default 0,
	`nro_cursadas_finalizada`				INT(11) NOT NULL default 0,

	`total_pagos_realizado`					numeric(16,2) NOT NULL default 0,
	`total_pagos_vencido`					numeric(16,2) NOT NULL default 0,
	`total_pagos_devolucion`				numeric(16,2) NOT NULL default 0,
	`fecha` 								date not null,

	PRIMARY KEY(`id`),
	FOREIGN KEY(`id_sucursal`) REFERENCES `sucursal` (`id`)
) ENGINE=InnoDB DEFAULT CHARSET=utf8 COLLATE=UTF8_UNICODE_CI COMMENT='tabla de estadistiacas para sucursales';


-- -----------------------------------------------------------------------------
-- pedro tablas
DROP TABLE IF EXISTS `config`;
CREATE TABLE `config`(
	`id`				INT(11) NOT NULL AUTO_INCREMENT,
	`nombre`			VARCHAR(255) NOT NULL,
	`facebook`			VARCHAR(255) NOT NULL,
	`youtube`			VARCHAR(255) NOT NULL,
	`instagram`			VARCHAR(255) NOT NULL,
	`quienes_somos`		TEXT NOT NULL,
	`en_mantenimiento`  boolean not null default false,
	primary key(`id`)
) ENGINE=InnoDB DEFAULT CHARSET=utf8 COLLATE=UTF8_UNICODE_CI COMMENT='Esta tabla configuraciones del sistema';
INSERT INTO `config` VALUES (1,'Escuela Leo Paparella','https://www.facebook.com/Escuela-Leo-Paparella-934184929955798/','https://www.youtube.com/watch?v=4Uxb_CHTVL0','https://www.instagram.com/escuelaleopaparella/','', 0);

DROP TABLE IF EXISTS `newsletter`;
CREATE TABLE `newsletter`(
	`id`	 		INT(11) NOT NULL AUTO_INCREMENT COMMENT 'ID',
	`nombre` 		VARCHAR(50) 				COMMENT 'Nombres',
	`apellido` 		VARCHAR(50) 				COMMENT 'Apellidos',
	`email`			VARCHAR(50) not null 		COMMENT 'Correo eléctronico',
	`telefono` 		VARCHAR(50) DEFAULT NULL 	COMMENT 'Telefono',
	`fecha_registro` date default null,

	primary key(`id`),
	UNIQUE key(`email`)
) ENGINE=InnoDB DEFAULT CHARSET=utf8 COLLATE=UTF8_UNICODE_CI COMMENT='Esta tabla para newsletter';

DROP TABLE IF EXISTS `inscripcion_online`;
CREATE TABLE `inscripcion_online`(
	`id`						INT(11) 	  	AUTO_INCREMENT,
	`id_curso`					INT(11) 	  	NOT NULL,
	`id_localidad`				INT(11) 	  	NOT NULL,
	`id_sucursal`				INT(11) 	  	NOT NULL,
	`nombres`					VARCHAR(50)   	NOT NULL,
	`apellidos`					VARCHAR(50)   	NOT NULL,
	`dni`						VARCHAR(20)   	NOT NULL,
	`email`						VARCHAR(50)   	NOT NULL,
	`direccion`					VARCHAR(255)   	NOT NULL,
	`telefono`					VARCHAR(20) 	NOT NULL,

	PRIMARY KEY (`id`),
	FOREIGN KEY(`id_curso`)  	REFERENCES   `curso`     (`id`),
	FOREIGN KEY(`id_localidad`) REFERENCES   `localidad` (`id`),
	FOREIGN KEY(`id_sucursal`)  REFERENCES   `sucursal`  (`id`)
)ENGINE=InnoDB DEFAULT CHARSET=utf8 COLLATE=UTF8_UNICODE_CI COMMENT='tabla para nuevos usuarios inscripcion online';

DROP TABLE IF EXISTS `estudiante_preinscripcion`;
CREATE TABLE `estudiante_preinscripcion`(
	`id`						INT(11) 	  	AUTO_INCREMENT,
	`id_curso`					INT(11) 	  	NOT NULL,
	`id_sucursal`				INT(11) 	  	NOT NULL,
	`id_estudiante`				INT(11) 	  	NOT NULL,
	`fecha_registro`			DATE 			DEFAULT NULL,
	PRIMARY KEY (`id`),
	FOREIGN KEY(`id_curso`)  	  REFERENCES   `curso`     (`id`),
	FOREIGN KEY(`id_sucursal`)    REFERENCES   `sucursal`  (`id`),
	FOREIGN KEY(`id_estudiante`)  REFERENCES   `usuario`  (`id`)
)ENGINE=InnoDB DEFAULT CHARSET=utf8 COLLATE=UTF8_UNICODE_CI COMMENT='tabla para nuevos estudiantes pre-inscripcion online';









/*
DROP TABLE IF EXISTS `encuesta_sucursales`; -- esto sera cursada_encuesta.
CREATE TABLE `encuesta_sucursales` (
	`id` int(100) NOT NULL AUTO_INCREMENT,
	`id_usuario` int(100) NOT NULL COMMENT 'Id usuario',
	`id_sucursal` int(100) NOT NULL COMMENT 'Id sucursal',
	`nivel_formacion` varchar(12) COLLATE utf8_unicode_ci NOT NULL COMMENT 'Nivel de formacion',
	`desempeno_docente` varchar(12) COLLATE utf8_unicode_ci NOT NULL COMMENT 'Desempeno docente',
	`clima_clase` varchar(12) COLLATE utf8_unicode_ci NOT NULL COMMENT 'Clima de la clase',
	`instalaciones` varchar(12) COLLATE utf8_unicode_ci NOT NULL COMMENT 'Instalciones',
	`comentario` text COLLATE utf8_unicode_ci COMMENT 'Comentario',

  PRIMARY KEY(id),
  INDEX(id_usuario),
  FOREIGN KEY (id_usuario) REFERENCES usuario(id),
  INDEX(id_sucursal),
  FOREIGN KEY(id_sucursal) REFERENCES sucursal(id)
) ENGINE=InnoDB DEFAULT CHARSET=utf8 COLLATE=utf8_unicode_ci COMMENT='tabla de encuesta de los estudiantes por sucursales';

DROP TABLE IF EXISTS `consultar_curso`;
CREATE TABLE `consultar_curso` (
    `id` 		int(100) 		AUTO_INCREMENT,
    `id_curso` 	int(100) 		NOT NULL COMMENT 'id del curso',
    `nombres` 	varchar(35) 	NOT NULL COMMENT 'nombre del usuario',
    `apellidos` varchar(35) 	NOT NULL COMMENT 'apellidos del usuario',
    `telefono` 	varchar(12) 	NOT NULL COMMENT 'telefono de contacto',
    `email` 	varchar(70) 	NOT NULL COMMENT 'correo de contacto',
    `status`	int(1) 			NOT NULL COMMENT '0 no leido 1 leido',

	PRIMARY KEY(`id`),
	INDEX(`id_curso`),
	FOREIGN KEY(`id_curso`) REFERENCES `curso` (`id`)
)ENGINE=InnoDB DEFAULT CHARSET=utf8 COLLATE=UTF8_UNICODE_CI COMMENT='tabla para consultar cursos';

*/
COMMIT;
SET FOREIGN_KEY_CHECKS=1;

